Name,Users_Rating,Height_m,Section_Name,Area_Name,Sub_Area_Name,Latitude,Longitude,Distance_From_EDI_miles,Drive_Time_hrs,Car_Park,Toilets_Info,Is_Climbed,Time_Estimate,Suggested_Leaving_Time,Reviews
Beinn na h-Uamha,3.64,762.40,Western Highlands and Inner Hebrides,Ardnamuchan to Loch Linnhe,Ardgour,56.74279,-5.407536,134.0,3.79,There is space to park with care just to the north of the bridge over the River Gour - take care not to impede any entrances.,None nearby,No,3.0-4.1 hrs,09:19,
Little Wyvis,3.07,763.00,Northern Highlands and Outer Hebrides,Loch Broom to Easter Ross,Easter Ross,57.64279,-4.632644,185.5,4.51,"From the car park take the footpath from near the entrance that heads across the old, double-arched stone bridge, with great views over the falls upriver.",None nearby,No,3.1-4.1 hrs,07:52,
"Cnoc Coinnich, Ardgoil",3.57,763.50,Southern Highlands incl Jura and Arran,Argyll and Kintyre,Cowal and Ardgoil,56.166618,-4.846572,101.7,3.35,"There is parking here, and further parking over the bridge and round to the right to a car park at the back.",None nearby,No,3.1-4.1 hrs,10:11,
Meall an Fhùdair,3.29,764.00,Southern Highlands incl Jura and Arran,Argyll and Kintyre,Glen Fyne,56.333904,-4.798879,93.6,2.82,Parking at head of Glen Fyne off A83 (NN229137),None nearby,No,3.1-4.1 hrs,11:15,
Spidean Còinich,4.47,764.00,Northern Highlands and Outer Hebrides,Coigach and Assynt,Quinag,58.201891,-5.054469,239.2,5.18,There is a car parking area off the east side of the A894 at NC232273.,None nearby,No,3.1-4.1 hrs,06:32,
"An Caisteal, Ben Loyal",4.41,764.20,Northern Highlands and Outer Hebrides,Loch Shin to the Pentland Firth,Loch Eribol to Loch Naver,58.404942,-4.43502,234.2,5.03,There is a parking area on the left side.,None nearby,No,3.1-4.1 hrs,06:50,
Bràigh nan Uamhachan,3.47,765.00,Western Highlands and Inner Hebrides,South Morar to Glen Loy,Glen Finnan and Gleann Fionnlighe,56.927405,-5.328583,156.1,4.11,There is a small car park (signed Craigag car park) maintained by the Fassfern estate off to the north side of the A830 just west of the bridge over the Dubh Lighe.,None nearby,No,3.1-4.1 hrs,08:40,
Dùn da Ghaoithe,4.11,766.00,Western Highlands and Inner Hebrides,Ardnamuchan to Loch Linnhe,Isle of Mull,56.460456,-5.779527,170.4,4.62,There is an informal parking area up on the right and limited space on the grassy verge.,None nearby,No,3.1-4.1 hrs,07:39,
Beinn Liath Mhòr a' Ghiubhais Li,2.78,766.00,Northern Highlands and Outer Hebrides,The Fannichs to Loch Maree,The Fannichs,57.698677,-4.886377,193.2,4.15,"There is a parking area on the Loch Glascarnoch side of the A835 near the northern end of the loch, around a kilometre southeast of Torrandhu bridge.",None nearby,No,3.1-4.1 hrs,08:35,
Fuar Bheinn,3.20,766.00,Western Highlands and Inner Hebrides,Ardnamuchan to Loch Linnhe,Morvern,56.649508,-5.503082,141.9,3.68,There is a good sized area for parking just east of the bridge at Glengalmadale farm.,None nearby,No,3.1-4.1 hrs,09:32,
Sàil Mhòr,3.91,766.20,Northern Highlands and Outer Hebrides,The Fannichs to Loch Maree,An Teallach,57.844467,-5.315828,216.2,4.63,There is parking in a layby beside the waterworks building a short distance west of the road bridge over the Ardessie Burn.,None nearby,No,3.1-4.2 hrs,07:32,
"Càrn Dearg, south of Glean Eachach",2.47,768.00,Central Highlands,Monadh Liath to Glen Roy,Glen Roy,57.015757,-4.707361,142.4,3.11,The walk begins from a parking area near the end of the public road up Glen Roy; it is on the right hand side just before a bridge and cattle grid with a sign for the end of the public road.,None nearby,No,3.1-4.2 hrs,10:34,
Beinn a' Choin,3.20,768.70,Southern Highlands incl Jura and Arran,Loch Tay to the Trossachs,Loch Voil to Strath Gartney,56.281098,-4.659938,72.3,2.12,Park at the RSPB car park behind Garrison Farm.,None nearby,No,3.1-4.2 hrs,12:33,
Meallach Mhòr,2.72,769.00,Eastern Highlands,Gaick and Atholl,Glen Tromie to Glen Feshie,56.992802,-4.015278,125.2,3.43,"Once back on the tarred surface, turn right to retrace your steps down Glen Tromie, and along the Speyside Way back to the Insh Marshes car park.",None nearby,No,3.1-4.2 hrs,09:56,
Cùl Beag,4.23,769.40,Northern Highlands and Outer Hebrides,Coigach and Assynt,Coigach and Inverpolly,58.029578,-5.150992,224.3,4.84,"There is a parking area opposite the southern end of the loop of old road, replaced by the modern A835.",None nearby,No,3.1-4.2 hrs,07:07,
Stob a' Bhealach an Sgriodain (Druim Tarsuinn),3.29,770.00,Western Highlands and Inner Hebrides,Ardnamuchan to Loch Linnhe,Ardgour,56.797527,-5.482137,151.6,5.27,Roadside parking on A861 near Strontian (NM816618),Strontian village,No,3.1-4.2 hrs,06:15,
Stob Coire a' Chearcaill,3.31,771.00,Western Highlands and Inner Hebrides,Ardnamuchan to Loch Linnhe,Ardgour,56.803266,-5.249628,160.5,3.97,"There is no official parking and space is really difficult to find - so park carefully near here as you can find, taking care not to obstruct entrances.",None nearby,No,3.1-4.2 hrs,08:51,
Beinn Stacach (Stob Fear-tomhais),2.92,771.80,Southern Highlands incl Jura and Arran,Loch Tay to the Trossachs,Loch Voil to Strath Gartney,56.314731,-4.468108,75.3,2.23,Parking at Balquhidder village (NN536209),None nearby,No,3.1-4.2 hrs,12:20,
Meall Lighiche,3.32,772.00,Central Highlands,Northwest Argyll and Appin,South of Glen Coe,56.628496,-5.107515,139.3,4.92,"Park a few metres east of bridge over the Allt Gleann Leac na Muidhe, where there is a car park.",None nearby,No,3.1-4.2 hrs,06:57,
Meall a' Phubuill,3.07,772.70,Western Highlands and Inner Hebrides,South Morar to Glen Loy,Glen Mallie and Glen Loy,56.918028,-5.239044,155.5,4.02,"The parking shown on OS 1:25k maps by the bridge over the River Loy does not exist; instead, just before reaching a gate at Achnanellan there is room for a couple of cars to park on the right hand sid",None nearby,No,3.1-4.2 hrs,08:45,
Beinn Spionnaidh,3.62,773.00,Northern Highlands and Outer Hebrides,Loch Shin to the Pentland Firth,Cape Wrath to Loch Eribol,58.473057,-4.810493,272.6,5.89,The walk begins from Carbreck on the A838; there is parking in an old quarry about 150 metres to the south.,None nearby,No,3.1-4.2 hrs,05:01,
Beinn nan Caorach,3.28,774.00,Western Highlands and Inner Hebrides,Loch Hourn to Glen Shiel,Arnisdale and Glen Elg,57.150483,-5.520448,208.0,5.19,There is a car park at Corran at the end of the public road through the Glenelg peninsula.,None nearby,No,3.1-4.2 hrs,06:25,
Shalloch on Minnoch,3.21,774.20,Southern Uplands,Galloway,Glen Trool and Glenkens,55.18366,-4.502481,103.8,3.01,"There is no formal parking at the start of this route, just under 1km south of Stinchar Bridge.",None nearby,No,3.1-4.2 hrs,10:46,
"Sgùrr Mhairi, Glamaig",3.91,775.00,Western Highlands and Inner Hebrides,Inner Hebrides,"Strathaird and Red Cuillin, Skye",57.292745,-6.128421,224.8,4.94,From the car park (turfed roof info board) walk down towards the old bridge and turn right through the gate footpath sign for Loch Coruisk and Elgol) and up to the statue of early mountaineers Norman ,None nearby,No,3.1-4.2 hrs,06:55,
Sgòrr Craobh a' Chaorainn,3.79,775.00,Western Highlands and Inner Hebrides,Ardnamuchan to Loch Linnhe,Ardgour,56.825852,-5.450532,157.9,3.61,"Begin the walk by turning left out of the car park, heading along the track (signed Ardgour, 18 miles) towards the small hydro-power station and cottages at Callop.",None nearby,No,3.1-4.2 hrs,09:34,
"Sàil Ghorm, Quinag",4.24,776.00,Northern Highlands and Outer Hebrides,Coigach and Assynt,Quinag,58.225623,-5.069541,243.8,5.28,There is a car parking area off the east side of the A894 at NC232273.,None nearby,No,3.1-4.2 hrs,06:14,
"Glas Bheinn, Assynt",3.97,776.00,Northern Highlands and Outer Hebrides,Coigach and Assynt,East Assynt and Glencoul,58.192701,-4.970574,238.0,5.25,The walk begins from the car park adjacent to St Paul's Church in Kinlochleven; it is signed ' Grey Mare's Tail ' from the main road (it is no longer possible to start from the former Mamore Lodge Hot,None nearby,No,3.1-4.2 hrs,06:18,
Meall Horn,3.47,776.70,Northern Highlands and Outer Hebrides,Loch Shin to the Pentland Firth,Srath Dionard to Strath Stack,58.361699,-4.817584,275.1,7.79,The parking area is just before the Private Road sign for the track leading to Lone.,None nearby,No,3.1-4.2 hrs,01:13,
Meall na Leitreach,2.87,777.10,Central Highlands,Glen Garry to Loch Rannoch,West of Drumochter,56.804054,-4.227995,95.4,2.46,"There is parking on the approach road to Dalnaspidal Lodge, just before the level crossing over the railway.",None nearby,No,3.1-4.2 hrs,11:52,
Mount Battock,3.09,778.00,Eastern Highlands,Glenshee to Cairn o'Mount,Angus Glens,56.949282,-2.741964,101.2,3.24,Just past the bridge at Millden in Glen Esk turn right onto a minor road; there is parking immediately on the right.,None nearby,No,3.1-4.2 hrs,10:19,
Meall nam Maigheach,2.36,778.90,Southern Highlands incl Jura and Arran,Rannoch Moor to Loch Tay,Lawers and Tarmachan,56.563025,-4.302699,97.2,2.53,"It is possible to park near the cairn on the watershed at 549m, but since this limited parking is also the usual start point for Meall Corranaich and Meall a' Choire Leith , it is perhaps better to in",None nearby,No,3.1-4.2 hrs,11:44,
Sgùrr Mhic Bharraich,3.48,779.00,Western Highlands and Inner Hebrides,Loch Hourn to Glen Shiel,South Glen Shiel Ridge,57.199601,-5.448708,186.5,4.03,Take the minor road beside the shop in Shiel Bridge; there is a car park on the left before reaching the campsite.,None nearby,No,3.1-4.2 hrs,08:44,
Beinn Bheula,3.93,779.00,Southern Highlands incl Jura and Arran,Argyll and Kintyre,Cowal and Ardgoil,56.141842,-4.971481,103.2,2.9,"There is no car park, and it requires care to find a considerate place to park.",None nearby,No,3.1-4.2 hrs,11:00,
Ainshval,4.58,781.00,Western Highlands and Inner Hebrides,Inner Hebrides,Isle of Rum,56.965653,-6.314708,227.4,5.01,"Kinloch, Isle of Rum (ferry from Mallaig) (NM404995)",Kinloch village hall,No,3.1-4.3 hrs,06:40,
Corryhabbie Hill,2.82,781.30,Eastern Highlands,Cairngorms and North East Grampians,Buchan and Moray,57.344632,-3.196408,154.0,4.88,"It is often possible to park at Ellivreid Farm, if not, there is space at the back of a passing space just a little further along the road.",None nearby,No,3.1-4.3 hrs,06:56,
"Sgùrr Dubh, Coulin",4.09,782.00,Northern Highlands and Outer Hebrides,Applecross," Coulin and Torridon, Coulin and Ben Damh",57.546925,-5.378789,210.6,4.54,Park at Coire Dubh car park - best known as the starting point for the path to Coire Mhic Fhearchair on Beinn Eighe.,None nearby,No,3.2-4.3 hrs,07:37,
Farragon Hill,2.92,782.40,Southern Highlands incl Jura and Arran,Rannoch Moor to Loch Tay,Above Loch Rannoch and Loch Tummel,56.675082,-3.894218,78.3,2.29,"There is no parking on the start of the track itself, but there is limited space on the verge of the main road nearby.",None nearby,No,3.2-4.3 hrs,12:07,
Beinn Mhic Cedidh,3.53,783.00,Western Highlands and Inner Hebrides,Ardnamuchan to Loch Linnhe,Moidart,56.849875,-5.563052,163.5,3.6,There are numerous parking laybys along the A830 between Glenfinnan and Loch Eilt - the correct one at NM856813 has a gate leading to a bridge over the river with the railway line beyond.,None nearby,No,3.2-4.3 hrs,09:30,
"Beinn na Caillich, Knoydart",4.13,785.00,Western Highlands and Inner Hebrides,Knoydart and the Rough Bounds,Knoydart,57.098292,-5.640351,202.0,4.4,Inverie (ferry from Mallaig) or Kinloch Hourn road end (NG950067),Inverie village,No,3.2-4.3 hrs,07:53,
Beinn an Oir,4.32,785.00,Southern Highlands incl Jura and Arran,Argyll and Kintyre,Isle of Jura,55.902406,-6.004177,188.3,6.54,There is a parking area on the north side of the old bridge over the Corran river.,None nearby,No,3.2-4.3 hrs,03:37,
Càrn na Nathrach,3.73,786.00,Western Highlands and Inner Hebrides,Ardnamuchan to Loch Linnhe,Ardgour,56.772419,-5.460767,151.6,5.27,"The walk begins where a track branches off the minor road to Polloch at Kinlochan; there is no parking here, and it is best to leave cars a short distance further west along the road.",None nearby,No,3.2-4.3 hrs,06:09,
"Beinn a' Chaisteil, Strathvaich",3.70,787.00,Northern Highlands and Outer Hebrides,Loch Broom to Easter Ross,Easter Ross,57.78094,-4.742996,196.1,6.33,There is parking at the start of the tarmac hydro road that branches off the A835 just east of Black Bridge.,None nearby,No,3.2-4.3 hrs,04:02,
Arkle,4.37,787.00,Northern Highlands and Outer Hebrides,Loch Shin to the Pentland Firth,Srath Dionard to Strath Stack,58.37108,-4.903631,235.9,5.42,The parking area is just before the Private Road sign for the track leading to Lone and before the bridge.,None nearby,No,3.2-4.3 hrs,05:51,
Meall Tairneachan,2.93,787.00,Southern Highlands incl Jura and Arran,Rannoch Moor to Loch Tay,Above Loch Rannoch and Loch Tummel,56.665914,-3.947414,87.5,2.26,"There is no parking on the start of the track itself, but there is limited space on the verge of the main road nearby.",None nearby,No,3.2-4.3 hrs,12:10,
Auchnafree Hill,3.06,787.40,Southern Highlands incl Jura and Arran,Loch Tay to the Trossachs,South of Loch Tay to Glen Almond,56.45436,-3.934674,67.3,2.27,Park at the car park just below the Loch Turret dam.,None nearby,No,3.2-4.3 hrs,12:09,
The Brack,3.93,787.50,Southern Highlands incl Jura and Arran,Argyll and Kintyre,Cowal and Ardgoil,56.187778,-4.828571,94.5,2.57,"There is parking here, and further parking over the bridge and round to the right to a car park at the back.",None nearby,No,3.2-4.3 hrs,11:33,
"Druim nan Cnamh, Beinn Loinne",2.76,789.00,Western Highlands and Inner Hebrides,Loch Hourn to Glen Shiel,Bunloinn and Beinneun Forests,57.122059,-5.089284,170.1,3.69,There is space to park several cars fifty metres along this road.,None nearby,No,3.2-4.3 hrs,09:19,
Meall Dubh,2.90,789.00,Western Highlands and Inner Hebrides,Loch Hourn to Glen Shiel,Bunloinn and Beinneun Forests,57.127939,-4.900441,168.6,4.94,There is parking in the layby off the north side of the A887 at NH254116 - directly opposite the gated track giving access to the windfarm.,None nearby,No,3.2-4.3 hrs,06:49,
"Glas Bheinn, Mamores",3.97,789.80,Central Highlands,Loch Linnhie to Loch Ericht,Loch Leven and Mamores,56.736098,-4.847893,131.3,4.41,The walk begins from the car park adjacent to St Paul's Church in Kinlochleven; it is signed ' Grey Mare's Tail ' from the main road (it is no longer possible to start from the former Mamore Lodge Hot,None nearby,No,3.2-4.3 hrs,07:52,
Beinn Àirigh Chàrr,4.45,791.70,Northern Highlands and Outer Hebrides,The Fannichs to Loch Maree,Letterewe,57.727577,-5.477613,234.2,6.24,"Start from the riverside car park in Poolewe and follow the road upstream, passing the school.",None nearby,No,3.2-4.3 hrs,04:13,
Beinn Leòid,3.54,792.00,Northern Highlands and Outer Hebrides,Coigach and Assynt,East Assynt and Glencoul,58.222025,-4.861615,228.2,4.9,There is a small parking area at the back of a passing place on the A838 at NC358333 - there is room for 2-3 cars without impeding the passing space.,None nearby,No,3.2-4.3 hrs,06:53,
Càrn Ealasaid,2.59,792.70,Eastern Highlands,Cairngorms and North East Grampians,The Ladder Hills,57.190264,-3.279509,119.0,3.28,"There is plenty of space to park off the A939 by the start of a track opposite a derelict old cottage, around 1km west from the Well of the Lecht.",None nearby,No,3.2-4.3 hrs,10:08,
"Sgùrr a' Chaorachain, Applecross",4.15,793.00,Northern Highlands and Outer Hebrides,Applecross," Coulin and Torridon, Applecross",57.412577,-5.670402,223.8,4.87,"Park at the summit of the Bealach na Ba, where there is a view indicator and a stunning outlook over the Skye Cuillin and the Isle of Rum beyond.",None nearby,No,3.2-4.3 hrs,06:57,
Beinn Mhic Mhonaidh,3.53,794.80,Central Highlands,Northwest Argyll and Appin,Glen Orchy,56.47308,-4.909745,107.7,3.28,There are numerous parking laybys along the A830 between Glenfinnan and Loch Eilt - the correct one at NM856813 has a gate leading to a bridge over the river with the railway line beyond.,None nearby,No,3.2-4.4 hrs,10:02,
"Beinn Bhàn, Glen Loy",3.15,795.90,Western Highlands and Inner Hebrides,South Morar to Glen Loy,Glen Mallie and Glen Loy,56.925272,-5.056847,145.3,3.55,"There is limited parking along the forest track on the left just before Inverskilavulin Bridge, but be careful not to obstruct the track.",None nearby,No,3.2-4.4 hrs,09:30,
Sgùrr Coire Choinnichean,4.09,796.00,Western Highlands and Inner Hebrides,Knoydart and the Rough Bounds,Knoydart,57.047661,-5.643934,186.9,4.19,The track passes a parking area and climbs past a couple of A-frame houses before emerging on a larger track across the hill.,None nearby,No,3.2-4.4 hrs,08:13,
Sgùrr an Utha,3.75,796.00,Western Highlands and Inner Hebrides,South Morar to Glen Loy,Glen Finnan and Gleann Fionnlighe,56.898744,-5.474492,162.3,3.94,"There is a layby on the south side of the A830 just west of the bridge over the Allt an Utha, a few kilometres west of Glenfinnan.",None nearby,No,3.2-4.4 hrs,08:43,
Màm na Gualainn,3.83,796.50,Central Highlands,Loch Linnhie to Loch Ericht,Loch Leven and Mamores,56.716441,-5.081587,126.8,2.91,"Begin by turning right along Wade's Road from the car park, with good views to the conical peak of Beinn na Caillich - the first objective.",None nearby,No,3.2-4.4 hrs,10:46,
Beinn Dronaig,3.00,796.80,Western Highlands and Inner Hebrides,Glen Carron to Glen Strathfarrar,Attadale and Monar,57.39159,-5.267944,214.5,6.53,Start from the walker's car park on the right after turning into Attadale Estate from the A890 south of Strathcarron.,"Whether staying here, camping nearby or just popping in, please repay the estate's generosity by carrying out all your rubbish and keeping the place tidy; flush the toilet by filling the cistern using the bucket in the stream outside.",No,3.2-4.4 hrs,03:32,
Cairnsmore of Carsphairn,3.20,797.00,Southern Uplands,Galloway,Forest of Carsphairn,55.256093,-4.213141,88.9,2.95,There is parking for several cars on the old road opposite the track at the start of the walk at Bridge-end.,None nearby,No,3.2-4.4 hrs,10:41,
Am Bathach,3.67,798.10,Western Highlands and Inner Hebrides,Glen Affric to Glen Shiel,Kintail's Brothers,57.179278,-5.189146,174.9,3.98,Start from the layby on the north side of the A87 just over a kilometre east of the Cluanie Inn.,None nearby,No,3.2-4.4 hrs,08:38,
Cìr Mhòr,4.72,798.10,Southern Highlands incl Jura and Arran,Argyll and Kintyre,Isle of Arran,55.639135,-5.222566,169.7,5.59,"This also serves the campsite here and walks up popular Glen Rosa so it is often full, either get here early, use the bus and walk up the Glen Rosa road or park at the Cladach Centre and join the rout",None nearby,No,3.2-4.4 hrs,05:25,
Sow of Atholl,2.70,798.90,Central Highlands,Glen Garry to Loch Rannoch,West of Drumochter,56.838117,-4.255185,95.8,2.18,"There is parking on the approach road to Dalnaspidal Lodge, just before the level crossing over the railway.",None nearby,No,3.2-4.4 hrs,12:14,
An Cliseam (Clisham),4.41,800.00,Northern Highlands and Outer Hebrides,Outer Hebrides,Harris,57.963718,-6.812545,284.8,7.4,Various - Tarbert or Huishinish road end,Tarbert village,No,3.3-4.4 hrs,01:47,
Meallan Liath Coire Mhic Dhughaill,4.00,800.80,Northern Highlands and Outer Hebrides,Loch Shin to the Pentland Firth,Srath Luib na Seilich to Loch Merkland,58.310102,-4.805657,231.8,5.35,There is parking on the A838 just south of Kinloch where the track branches off for Aultanrynie.,None nearby,No,3.3-4.4 hrs,05:54,
Cranstackie,3.88,801.00,Northern Highlands and Outer Hebrides,Loch Shin to the Pentland Firth,Cape Wrath to Loch Eribol,58.457443,-4.828707,271.8,6.71,The walk begins from Carbreck on the A838; there is parking in an old quarry about 150 metres to the south.,None nearby,No,3.3-4.4 hrs,03:10,
Beinn Bhreac-liath,3.34,802.00,Central Highlands,Northwest Argyll and Appin,Glen Orchy,56.466728,-4.756546,91.2,2.29,Parking at Bridge of Orchy station (NN297395),None nearby,No,3.3-4.4 hrs,12:01,
"Càrn Mor, Glen Livet",2.95,804.00,Eastern Highlands,Cairngorms and North East Grampians,The Ladder Hills,57.249886,-3.218478,129.2,4.03,"To reach the parking area, take the minor road to Chapeltown and then turn left opposite the church onto a farm track with a car park.",None nearby,No,3.3-4.4 hrs,08:32,
"Geal Chàrn, Glen Garry",2.96,804.00,Western Highlands and Inner Hebrides,Knoydart and the Rough Bounds,Glen Garry Forest,57.002621,-5.037531,169.7,4.7,"At the very end of the public road is a large turning area with a no parking sign, but it should be possible to park carefully without obstructing the turning circle in any way.",None nearby,No,3.3-4.4 hrs,07:11,
"Beinn na h-Eaglaise, Arnisdale",3.63,805.00,Western Highlands and Inner Hebrides,Loch Hourn to Glen Shiel,Arnisdale and Glen Elg,57.148652,-5.548706,205.2,4.48,There is a car park at Corran at the end of the public road through the Glenelg peninsula.,None nearby,No,3.3-4.4 hrs,07:38,
Beinn Iaruinn,3.10,805.00,Central Highlands,Monadh Liath to Glen Roy,Glen Roy,56.970165,-4.803162,139.6,3.0,"The walk starts from the bridge over the Allt a' Bhreac Achaidh; there is parking on the grass verge either on the bend just before the descent to the bridge, or after the bridge on the right.",None nearby,No,3.3-4.4 hrs,10:35,
Beinn nam Fuaran,3.22,806.00,Southern Highlands incl Jura and Arran,Rannoch Moor to Loch Tay,Above Bridge of Orchy,56.507166,-4.664673,95.2,3.04,There is limited parking on the east side of the A82 just north of the sign for the Loch Lomond National Park boundary.,None nearby,No,3.3-4.4 hrs,10:31,
Meall nan Subh,3.09,806.00,Southern Highlands incl Jura and Arran,Rannoch Moor to Loch Tay,Glen Lochay,56.524508,-4.50382,86.2,2.33,"Park at the car park near the end of the road up Glen Lochay, around 600m east of Kenknock. (NN466364)",None nearby,No,3.3-4.4 hrs,11:56,
Ben Gulabin,3.33,806.00,Eastern Highlands,Glenshee to Cairn o'Mount,Glen Shee,56.832658,-3.475889,79.9,2.02,There is space for a couple of cars to park carefully here without blocking the gateway.,None nearby,No,3.3-4.4 hrs,12:33,
Monamenach,2.77,807.00,Eastern Highlands,Glenshee to Cairn o'Mount,Angus Glens,56.820203,-3.351552,82.1,2.65,"There is no parking at Auchavan itself, so instead follow the rough track to the right, taking care to find a space on the grassy ground before the bridge over the river.",None nearby,No,3.3-4.5 hrs,11:11,
Creag Rainich,3.94,807.90,Northern Highlands and Outer Hebrides,The Fannichs to Loch Maree,Fisherfield,57.725679,-5.199031,204.0,4.58,From the parking area walk back along the road for 20 metres until you reach the track leading to Loch a Bhraoin; it is signed for long distance routes to Kinlochewe and Loch Fannich.,None nearby,No,3.3-4.5 hrs,07:20,
Hart Fell,3.46,808.00,Southern Uplands,The Borders,Tweedsmuir and Manor Hills,55.408054,-3.401421,49.8,1.78,"Park near the start of a track just east of Blackshope Cottage, around 10km along the A708 from Moffat; there is space for several cars without impeding any entrances, or on the verge opposite.",None nearby,No,3.3-4.5 hrs,12:56,
"Garbh-bheinn, Skye",4.56,808.30,Western Highlands and Inner Hebrides,Inner Hebrides,"Strathaird and Red Cuillin, Skye",57.233132,-6.092495,217.4,4.79,Park in the large lay-by near the Eas a Bhradain waterfall on the A87(T) at the head of Loch Ainort.,None nearby,No,3.3-4.5 hrs,06:55,
Creag Mac Ranaich,3.79,808.60,Southern Highlands incl Jura and Arran,Loch Tay to the Trossachs,Glen Dochart to Loch Voil,56.399899,-4.358066,70.4,1.69,Park in the large car park on the A85 near the west end of Loch Earn in Lochearnhead.,None nearby,No,3.3-4.5 hrs,13:07,
"Sàil Gharbh, Quinag",4.22,809.00,Northern Highlands and Outer Hebrides,Coigach and Assynt,Quinag,58.215166,-5.049904,239.4,5.18,There is a car parking area off the east side of the A894 at NC232273.,None nearby,No,3.3-4.5 hrs,06:08,
Sgùrr Innse,4.09,809.00,Central Highlands,Loch Linnhie to Loch Ericht,Easains and Innses,56.833318,-4.803988,131.7,3.1,There is parking on the left (where the road meets the line of an old tramway) at NN255788.,None nearby,No,3.3-4.5 hrs,10:18,
"Creach Bheinn, Appin",3.70,810.00,Central Highlands,Northwest Argyll and Appin,Glen Creran to Glen Etive,56.530519,-5.215038,132.6,3.35,There is a good sized area for parking just east of the bridge at Glengalmadale farm.,None nearby,No,3.3-4.5 hrs,09:48,
Meall a' Bhuachaille,3.92,810.00,Eastern Highlands,Cairngorms and North East Grampians,Lairig Ghru to Lairig an Laoigh,57.183558,-3.671107,132.6,3.07,"A bus runs from Aviemore to Glenmore or there is paid parking on the road at Glenmore, or in the Visitor Centre car park or across the road at the Beach car park.",None nearby,No,3.3-4.5 hrs,10:21,
Meall na Fearna,3.13,810.00,Southern Highlands incl Jura and Arran,Loch Tay to the Trossachs,South of Loch Earn and Glen Artney,56.341253,-4.184333,67.1,2.59,"There is rough informal parking on the verges of the minor road along the south side of Loch Earn, mostly just west of the hump-backed bridge over the Ardvorlich burn.",None nearby,No,3.3-4.5 hrs,11:19,
Càrn na Saobhaidhe,2.50,811.10,Central Highlands,Monadh Liath to Glen Roy,Monadh Liath,57.198991,-4.320524,170.2,4.82,It is possible to park up to a couple of cars carefully near the bins at the B851 road junction at NH607244 (note the phone box shown on some maps no longer exists).,None nearby,No,3.3-4.5 hrs,06:51,
Beinn Each,3.72,811.20,Southern Highlands incl Jura and Arran,Loch Tay to the Trossachs,South of Loch Earn and Glen Artney,56.313964,-4.262198,71.1,2.72,Park in the layby on the east side of the A84 immediately north of the bridge over the Ardchullerie Burn.,None nearby,No,3.3-4.5 hrs,11:03,
Askival,4.74,812.00,Western Highlands and Inner Hebrides,Inner Hebrides,Isle of Rum,56.974456,-6.291535,227.4,5.01,"Kinloch, Isle of Rum (ferry from Mallaig) (NM404995)",Kinloch village hall,No,3.3-4.5 hrs,06:28,
Sgòr Mòr,3.36,813.80,Eastern Highlands,Cairngorms and North East Grampians,Lairig Ghru to Lairig an Laoigh,57.003306,-3.635946,102.6,3.31,"A little over a kilometre further on, turn right onto a good clear footpath that leads back to the car park near the Linn of Dee.",None nearby,No,3.3-4.5 hrs,09:52,
"An Stac, Moidart",4.26,814.00,Western Highlands and Inner Hebrides,Ardnamuchan to Loch Linnhe,Moidart,56.850995,-5.670144,170.0,3.74,"Traditionally the parking was by the info board on the right, but the local farmer objects to parking here or the larger parking near the cottages.",None nearby,No,3.3-4.5 hrs,09:01,
An Sìthean (An Sidhean),3.33,814.00,Western Highlands and Inner Hebrides,Glen Carron to Glen Strathfarrar,Strathconon,57.461827,-5.050788,196.4,4.81,"Scardroy road end, Strathconon (NH257515)",None nearby,No,3.3-4.5 hrs,06:52,
Corserine,3.93,814.00,Southern Uplands,Galloway,Glen Trool and Glenkens,55.155077,-4.359129,100.7,4.46,"The track now passes a house at Burnhead, and returns to the car park at the start a short distance beyond.",None nearby,No,3.3-4.5 hrs,07:34,
Breabag,3.86,815.00,Northern Highlands and Outer Hebrides,Coigach and Assynt,East Assynt and Glencoul,58.097397,-4.908546,230.9,5.21,"There is a hotel and car park a short distance to the left, but unless transport has been arranged, a return to the start is a 4km walk beside the main road.",None nearby,No,3.3-4.5 hrs,06:04,
"Càrn Dearg, north of Glean Eachach",2.47,816.50,Central Highlands,Monadh Liath to Glen Roy,Glen Roy,57.031139,-4.72043,163.8,4.36,The walk begins from a parking area near the end of the public road up Glen Roy; it is on the right hand side just before a bridge and cattle grid with a sign for the end of the public road.,None nearby,No,3.3-4.5 hrs,07:46,
Càrn a' Chuilinn,2.95,817.00,Central Highlands,Monadh Liath to Glen Roy,Glen Doe and Corrieyairack Pass,57.094285,-4.614835,165.1,4.21,Park in a layby on S side of B862 at NH396088; there is space for around 8 cars.,None nearby,No,3.3-4.5 hrs,08:04,
Stob Coire Creagach (Binnein an Fhidhleir),3.31,817.80,Southern Highlands incl Jura and Arran,Argyll and Kintyre,Arrochar Alps,56.257706,-4.858018,95.6,2.14,Park in the large Butterbridge car park on the south side of the main road.,None nearby,No,3.3-4.5 hrs,12:13,
Beinn Dearg Bheag,4.33,817.90,Northern Highlands and Outer Hebrides,The Fannichs to Loch Maree,Fisherfield,57.776005,-5.331433,228.6,6.48,The walk starts where the track leaves the A832 on the west side of the bridge over the Gruinard River - there is limited verge parking just to the west.,None nearby,No,3.3-4.5 hrs,03:32,
Sgòrr na Dìollaid,3.78,817.90,Western Highlands and Inner Hebrides,Glen Strathfarrar to Glen Affric,North of Glen Cannich,57.384257,-4.860009,188.7,6.49,Parking in Glen Cannich is increasingly limited; probably the best spot is 150m before the bridge over the river Cannich.,None nearby,No,3.3-4.5 hrs,03:31,
"Beinn Chaorach, Tyndrum",2.89,818.00,Southern Highlands incl Jura and Arran,Rannoch Moor to Loch Tay,Above Bridge of Orchy,56.458905,-4.664943,89.2,2.86,"Start from the centre of Tyndrum, and begin by heading north along the road, passing the Green Welly Stop, then turning right immediately over the river to go through the car park of Brodie's Mini Mar",None nearby,No,3.3-4.5 hrs,10:46,
Càrn na Drochaide,3.26,818.00,Eastern Highlands,Cairngorms and North East Grampians,East of Lairig an Laoigh,57.02743,-3.439168,101.0,3.31,"There is a parking area (charge) on the left at the end of the public road towards the Linn of Quoich , 6km further along the road from the Linn of Dee.",None nearby,No,3.3-4.5 hrs,09:52,
"Geal Chàrn, Abernethy",2.96,820.60,Eastern Highlands,Cairngorms and North East Grampians,East of Lairig an Laoigh,57.196025,-3.506742,146.4,3.71,"At the very end of the public road is a large turning area with a no parking sign, but it should be possible to park carefully without obstructing the turning circle in any way.",None nearby,No,3.4-4.5 hrs,09:04,
Benvane,3.09,821.00,Southern Highlands incl Jura and Arran,Loch Tay to the Trossachs,Loch Voil to Strath Gartney,56.293302,-4.368448,64.9,2.02,Here there is limited parking for 5 or 6 cars.,None nearby,No,3.4-4.6 hrs,12:21,
White Coomb,3.60,821.60,Southern Uplands,The Borders,Tweedsmuir and Manor Hills,55.42258,-3.323629,50.5,1.61,Grey Mare's Tail car park (NT186144),None nearby,No,3.4-4.6 hrs,13:10,
Geal-chàrn Mòr,3.20,824.10,Central Highlands,Monadh Liath to Glen Roy,Monadh Liath,57.186962,-3.926919,126.9,3.58,"Lynwilg is just off the main A9; follow the minor road as it turns right and crosses a bridge; there is room to park a couple of cars here, and more parking slightly further along the walk.",None nearby,No,3.4-4.6 hrs,09:14,
"Beinn Tarsuinn, Arran",4.46,826.00,Southern Highlands incl Jura and Arran,Argyll and Kintyre,Isle of Arran,55.621484,-5.24212,184.9,5.82,"This also serves the campsite here and walks up popular Glen Rosa so it is often full, either get here early, use the bus and walk up the Glen Rosa road or park at the Cladach Centre and join the rout",None nearby,No,3.4-4.6 hrs,04:45,
An Dùn,3.58,827.40,Eastern Highlands,Gaick and Atholl,East of Drumochter and Gaick Forest,56.89481,-4.108642,92.4,2.93,"There is no parking at the start of the track up into the Gaick on the north side of the A9, so instead turn towards Trinafour on the opposite side of the road.",None nearby,No,3.4-4.6 hrs,10:32,
Brown Cow Hill,2.30,829.00,Eastern Highlands,Cairngorms and North East Grampians,River Don to River Gairn,57.124404,-3.28822,120.3,3.49,Take the track on the right that becomes a tarred road here; it leads past several more buildings and continues down the glen to emerge at the car park for Corgarff Castle.,None nearby,No,3.4-4.6 hrs,09:25,
"Beinn Dearg, Glen Lyon",2.93,830.00,Southern Highlands incl Jura and Arran,Rannoch Moor to Loch Tay,Glen Lyon east,56.61894,-4.268972,95.4,2.85,"Park in the car park on the west side of the Abhain Coire Mhic Nobuil, about three kilometres west of Torridon village.",None nearby,No,3.4-4.6 hrs,10:41,
"Càrn Mor, Morar",2.95,830.00,Western Highlands and Inner Hebrides,Knoydart and the Rough Bounds,North Morar,56.962026,-5.450748,162.3,3.88,"To reach the parking area, take the minor road to Chapeltown and then turn left opposite the church onto a farm track with a car park.",None nearby,No,3.4-4.6 hrs,08:38,
Creag nan Gabhar,3.41,834.00,Eastern Highlands,Glenshee to Cairn o'Mount,Glen Shee,56.94053,-3.391011,88.5,2.09,There is a car park (charge) off the A93 on the south side of the bridge over the Callater Burn by Auchallater Farm The walk begins up the track.,None nearby,No,3.4-4.6 hrs,12:13,
"Càrn Dearg, east of Glen Roy",2.47,834.40,Central Highlands,Monadh Liath to Glen Roy,Glen Roy,56.959833,-4.723339,141.2,3.03,The walk begins from a parking area near the end of the public road up Glen Roy; it is on the right hand side just before a bridge and cattle grid with a sign for the end of the public road.,None nearby,No,3.4-4.7 hrs,10:14,
Sròn a' Choire Chnapanich,3.30,835.00,Southern Highlands incl Jura and Arran,Rannoch Moor to Loch Tay,Glen Lyon west,56.574191,-4.514871,104.3,3.09,"Roadside parking, upper Glen Lyon (NN510460)",None nearby,No,3.4-4.7 hrs,10:07,
Sgùrr Cos na Breachd-laoidh,3.65,835.00,Western Highlands and Inner Hebrides,Knoydart and the Rough Bounds,Glen Kingie to Loch Arkaig,56.997579,-5.378766,158.4,3.42,The walk begins from the car park at the end of the roller-coaster minor road up Loch Arkaig.,None nearby,No,3.4-4.7 hrs,09:27,
Meall na h-Èilde,2.65,837.20,Western Highlands and Inner Hebrides,Knoydart and the Rough Bounds,Glen Garry Forest,57.007056,-4.989609,165.5,4.42,Tomdoun roadside parking (NH156012),None nearby,No,3.5-4.7 hrs,07:27,
Sgùrr Gaorsaic,3.18,838.20,Western Highlands and Inner Hebrides,Glen Strathfarrar to Glen Affric,North of Glen Affric,57.245285,-5.256946,191.7,4.53,"Turn off the A87 at Morvich, and park at the National Trust for Scotland Morvich countryside centre, opposite Morvich Caravan Club site.",None nearby,No,3.5-4.7 hrs,07:14,
Meallan nan Uan,3.88,838.30,Western Highlands and Inner Hebrides,Glen Carron to Glen Strathfarrar,Strathconon,57.546942,-4.903027,188.6,4.26,There is a rough grassy parking area up off the right hand side of the road opposite the last forestry cottage in the tiny hamlet of Strathanmore (around 1km before the church).,None nearby,No,3.5-4.7 hrs,07:46,
Càrn Chuinneag,4.00,839.00,Northern Highlands and Outer Hebrides,Loch Broom to Easter Ross,Easter Ross,57.813832,-4.554149,201.8,4.31,"There is a parking area amidst the magnificent Scots pine woods at the end of the public road leading towards Glen Calvie and Alladale, at NH464891.",None nearby,No,3.5-4.7 hrs,07:40,
Beinn Trilleachan,3.94,840.00,Central Highlands,Northwest Argyll and Appin,Glen Creran to Glen Etive,56.547996,-5.11445,120.8,2.84,There is a car park before a locked gate at the end of the public road down Glen Etive.,None nearby,No,3.5-4.7 hrs,10:37,
Broad Law,2.97,840.10,Southern Uplands,The Borders,Tweedsmuir and Manor Hills,55.498133,-3.352726,48.5,2.03,Megget Stone layby (NT150202),None nearby,No,3.5-4.7 hrs,12:14,
Beinn Udlaidh,3.50,840.40,Central Highlands,Northwest Argyll and Appin,Glen Orchy,56.460079,-4.792575,98.0,2.57,Parking at Bridge of Orchy station (NN297395),None nearby,No,3.5-4.7 hrs,11:09,
Ben Rinnes,3.71,840.90,Eastern Highlands,Cairngorms and North East Grampians,Buchan and Moray,57.403298,-3.241492,141.2,3.79,The usual place to start the ascent is from the small parking area on a minor road which branches north from the B9009.,None nearby,No,3.5-4.7 hrs,08:43,
Sgùrr an Airgid,4.08,841.20,Western Highlands and Inner Hebrides,Glen Strathfarrar to Glen Affric,Strath Croe,57.248603,-5.415527,188.4,4.14,Park at the Clachan Duibh burial ground car park.,None nearby,No,3.5-4.7 hrs,08:01,
Beinn Mholach,3.25,841.80,Central Highlands,Glen Garry to Loch Rannoch,West of Drumochter,56.759541,-4.312102,101.9,4.15,"There is parking on the approach road to Dalnaspidal Lodge, just before the level crossing over the railway.",None nearby,No,3.5-4.7 hrs,08:00,
Ben Vrackie,4.07,842.20,Eastern Highlands,Gaick and Atholl,Glen Tilt to Glen Brerachan,56.748964,-3.71727,80.0,2.3,Start at the Ben Vrackie car park which is just NW of Moulin (it can easily be walked from Pitlochry).,None nearby,No,3.5-4.7 hrs,11:41,
Merrick,3.92,843.00,Southern Uplands,Galloway,Glen Trool and Glenkens,55.139266,-4.468428,127.6,4.47,"Park at the car park near the end of the public road up Glen Trool, and continue along the last 100m of road on foot.",None nearby,No,3.5-4.7 hrs,07:21,
Càrn Bàn,2.75,843.30,Northern Highlands and Outer Hebrides,Loch Broom to Easter Ross,Strath Mulzie and Freevater,57.846792,-4.801043,199.2,7.33,"There is a parking area amidst the magnificent Scots pine woods at the end of the public road leading towards Glen Calvie and Alladale, at NH464891.",None nearby,No,3.5-4.7 hrs,01:38,
Beinn Resipol,3.91,845.00,Western Highlands and Inner Hebrides,Ardnamuchan to Loch Linnhe,Sunart,56.727211,-5.652629,150.0,3.78,The walk starts where a small road doubles back to the left (Heatherbank B&B sign) - there is some roadside parking near here but be careful not to block passing spaces.,None nearby,No,3.5-4.7 hrs,08:44,
Ben Donich,3.95,846.50,Southern Highlands incl Jura and Arran,Argyll and Kintyre,Cowal and Ardgoil,56.197936,-4.873304,95.3,2.44,"From the summit of the Rest and Be Thankful pass, take the B828 towards Lochgoilhead; after a short distance a track on the left is signed for Ben Donich access; there is space to park a short distanc",None nearby,No,3.5-4.7 hrs,11:25,
Canisp,3.91,847.00,Northern Highlands and Outer Hebrides,Coigach and Assynt,West Assynt and Glen Canisp,58.120936,-5.052849,233.2,5.06,From the south end of the layby a rough and sometimes wet path heads directly southwest to reach a footbridge over the outflow of Loch Awe.,None nearby,No,3.5-4.7 hrs,06:10,
Beinn nan Imirean,2.65,848.30,Southern Highlands incl Jura and Arran,Rannoch Moor to Loch Tay,Glen Lochay,56.444143,-4.565852,81.3,2.15,"There is parking for a couple of cars to park hard on the left near the start of the track taking care to leave plenty of space for farm vehicles to manoeuvre, or alternatively on the grass verge of t",None nearby,No,3.5-4.8 hrs,11:54,
Bac an Eich,3.80,849.00,Western Highlands and Inner Hebrides,Glen Carron to Glen Strathfarrar,Strathconon,57.495784,-4.968303,195.8,5.22,"There is a parking area at the end of the public road up Strathconon, on the north shore of Loch Beannacharain.",None nearby,No,3.5-4.8 hrs,05:45,
Sgùrr Ghiubhsachain,4.39,849.00,Western Highlands and Inner Hebrides,Ardnamuchan to Loch Linnhe,Ardgour,56.818974,-5.482572,150.6,4.95,"Begin the walk by turning left out of the car park, heading along the track (signed Ardgour, 18 miles) towards the small hydro-power station and cottages at Callop.",None nearby,No,3.5-4.8 hrs,06:18,
Cùl Mòr,4.44,849.70,Northern Highlands and Outer Hebrides,Coigach and Assynt,Coigach and Inverpolly,58.058148,-5.116766,223.8,4.83,From the layby go through the gate and follow the well made stalkers' path.,None nearby,No,3.5-4.8 hrs,06:32,
Meall an t-Seallaidh,3.39,852.70,Southern Highlands incl Jura and Arran,Loch Tay to the Trossachs,Glen Dochart to Loch Voil,56.380418,-4.362612,66.1,1.58,Park in the large car park on the A85 near the west end of Loch Earn in Lochearnhead.,None nearby,No,3.5-4.8 hrs,13:02,
"Creach Bheinn, Glen Galmadale",3.70,853.00,Western Highlands and Inner Hebrides,Ardnamuchan to Loch Linnhe,Morvern,56.661994,-5.476227,138.0,3.35,There is a good sized area for parking just east of the bridge at Glengalmadale farm.,None nearby,No,3.5-4.8 hrs,09:30,
"Beinn an Eòin, Torridon",4.29,855.00,Northern Highlands and Outer Hebrides,Applecross," Coulin and Torridon, Flowerdale",57.62286,-5.509778,223.3,5.43,Park in the small car park beside the green barn a few hundred metres east of Loch Bad an Sgalag.,None nearby,No,3.5-4.8 hrs,05:20,
"Beinn Bhuidhe, Knoydart",4.40,855.40,Western Highlands and Inner Hebrides,Knoydart and the Rough Bounds,Knoydart,57.010127,-5.589157,184.9,4.07,Inverie (ferry from Mallaig) or Kinloch Hourn road end (NG950067),Inverie village,No,3.6-4.8 hrs,08:03,
Stob an Aonaich Mhòir,3.56,855.60,Central Highlands,Glen Garry to Loch Rannoch,West of Drumochter,56.793317,-4.396093,113.1,3.46,There is limited parking where the private road leaves the B846 just east of the Bridge of Ericht - take care to park considerately and ensure no entrances are restricted.,None nearby,No,3.6-4.8 hrs,09:16,
Beinn a' Chàisgein Mòr,3.70,856.00,Northern Highlands and Outer Hebrides,The Fannichs to Loch Maree,Fisherfield,57.751185,-5.392096,228.6,6.48,Turn down the minor road from the north side of the bridge in Poolewe; there is then a small car park on the left.,None nearby,No,3.6-4.8 hrs,03:14,
Beinn a' Chrùlaiste,3.70,857.00,Central Highlands,Northwest Argyll and Appin,North of Glen Coe,56.668922,-4.863535,108.4,2.5,Park at Altnafeidh; there is a layby on the north side of the road and rougher parking on the south side.,None nearby,No,3.6-4.8 hrs,11:11,
Cruach Innse,3.29,857.00,Central Highlands,Loch Linnhie to Loch Ericht,Easains and Innses,56.846844,-4.821944,141.7,3.62,There is parking on the left (where the road meets the line of an old tramway) at NN255788.,None nearby,No,3.6-4.8 hrs,08:57,
Fraoch Bheinn,3.61,857.30,Western Highlands and Inner Hebrides,Knoydart and the Rough Bounds,Glen Kingie to Loch Arkaig,56.993481,-5.31693,158.2,3.41,There is a car park at the end of the roller-coaster road along the north side of Loch Arkaig.,None nearby,No,3.6-4.8 hrs,09:22,
Càrn Dearg Mòr,3.17,857.40,Eastern Highlands,Gaick and Atholl,Glen Tromie to Glen Feshie,56.996817,-3.938644,133.8,4.83,"From here turn left and head back to the start by reversing the outward route, remembering to cross the bridge back over the Feshie to return via Achlean to the car park.",None nearby,No,3.6-4.8 hrs,06:32,
Beinn Làir,4.45,859.00,Northern Highlands and Outer Hebrides,The Fannichs to Loch Maree,Letterewe,57.703854,-5.389226,212.7,4.6,Turn down the minor road from the north side of the bridge in Poolewe; there is then a small car park on the left.,None nearby,No,3.6-4.8 hrs,07:00,
Caisteal Abhail,4.63,859.00,Southern Highlands incl Jura and Arran,Argyll and Kintyre,Isle of Arran,55.649862,-5.22933,166.5,5.27,The walk begins from the car park beside the bridge over the North Sannox Burn.,None nearby,No,3.6-4.8 hrs,05:39,
Morrone,3.17,859.50,Eastern Highlands,Glen Ey to Glen Lochsie,Glen Ey,56.980803,-3.429585,93.7,3.06,"If it is difficult to find parking, there is parking at the top of Chapel Brae from where you can join the walk.",None nearby,No,3.6-4.8 hrs,10:04,
Beinn Luibhean,3.12,859.70,Southern Highlands incl Jura and Arran,Argyll and Kintyre,Arrochar Alps,56.231248,-4.836359,93.6,2.1,"Begin the walk by heading through the gate (often locked) at the back of the parking area, and crossing the metal bridge over the burn.",None nearby,No,3.6-4.8 hrs,12:00,
"Beinn Tharsuinn, Monar",3.72,861.20,Western Highlands and Inner Hebrides,Glen Carron to Glen Strathfarrar,Attadale and Monar,57.438688,-5.241959,207.6,4.93,There is a signed forestry car park off the north side of the road at Craig.,"Whether staying here, camping nearby or just popping in, please repay the estate's generosity by carrying out all your rubbish and keeping the place tidy; flush the toilet by filling the cistern using the bucket in the stream outside.",No,3.6-4.8 hrs,06:20,
"Cam Chreag, Glen Lyon",2.89,861.70,Southern Highlands incl Jura and Arran,Rannoch Moor to Loch Tay,Glen Lyon west,56.611095,-4.385643,96.8,2.93,Park at the Meggernie Estate car park (toilets) at Innerwick in Glen Lyon.,None nearby,No,3.6-4.9 hrs,10:14,
Beinn a' Bhàthaich Àrd,2.84,862.00,Western Highlands and Inner Hebrides,Glen Carron to Glen Strathfarrar,North of Glen Strathfarrar,57.451954,-4.733921,183.6,4.95,Glen Strathfarrar gate parking (NH268384),None nearby,No,3.6-4.9 hrs,06:11,
Meall na h-Aisre,2.65,862.10,Central Highlands,Monadh Liath to Glen Roy,Glen Doe and Corrieyairack Pass,57.067442,-4.450364,121.0,3.94,"Start from the parking areas on the left side of the road, just before Garva Bridge, some distance up the minor road past the Spey dam.",None nearby,No,3.6-4.9 hrs,08:13,
Conachcraig,3.30,862.50,Eastern Highlands,Glenshee to Cairn o'Mount,Glen Callater to Glenmuick,56.964289,-3.18654,119.4,3.26,Start from the Pay and Display car park at Crathie and follow the road over the bridge (built by Brunel) and past the entrance to Balmoral Castle.,None nearby,No,3.6-4.9 hrs,09:34,
Càrn a' Choire Ghairbh,3.17,862.50,Western Highlands and Inner Hebrides,Glen Affric to Glen Shiel,South of Glen Affric,57.222617,-5.087634,202.0,5.11,Park at the River Affric car park (charge) at the end of the public road up Glen Affric.,None nearby,No,3.6-4.9 hrs,05:52,
Creag an Dail Bheag,2.93,863.00,Eastern Highlands,Cairngorms and North East Grampians,East of Lairig an Laoigh,57.066729,-3.391294,100.9,2.91,There is a car park for walkers at Keiloch on the Invercauld Estate a short distance off the A93; a charge is made.,None nearby,No,3.6-4.9 hrs,10:16,
Sgùrr na Feartaig,3.83,863.00,Western Highlands and Inner Hebrides,Glen Carron to Glen Strathfarrar,Attadale and Monar,57.457071,-5.243654,207.6,4.93,There is a signed forestry car park off the north side of the road at Craig.,None nearby,No,3.6-4.9 hrs,06:14,
Beinn Mhic Chasgaig,3.68,864.00,Central Highlands,Northwest Argyll and Appin,Above the Black Mount,56.610079,-4.899499,111.3,2.57,There is a small layby a short distance west along the Glen Etive road from Alltchaorunn bridge - do not park blocking any passing spaces.,None nearby,No,3.6-4.9 hrs,10:57,
"Garbh Bheinn, Loch Leven",4.37,867.00,Central Highlands,Northwest Argyll and Appin,North of Glen Coe,56.696608,-4.991449,124.2,2.85,"There is a rough layby just west of the bridge over the Allt Gleann a' Chaolais, east of Caolasnacan on the B863; if full, there is space for another car just east of the bridge.",None nearby,No,3.6-4.9 hrs,10:23,
Stob a' Choin,4.16,867.20,Southern Highlands incl Jura and Arran,Loch Tay to the Trossachs,Loch Voil to Strath Gartney,56.30968,-4.560171,74.6,2.23,There is a car park on the left at the end of the bumpy public road up past Loch Voil.,None nearby,No,3.6-4.9 hrs,11:38,
Meall na Meoig of Beinn Pharlagain,3.52,867.30,Central Highlands,Loch Linnhie to Loch Ericht,Around Loch Ossian,56.74363,-4.538992,107.3,3.9,"Corrour station (no road access, train only) (NN356664)",None (remote),No,3.6-4.9 hrs,08:18,
Bidein a' Chabair,4.28,867.50,Western Highlands and Inner Hebrides,Knoydart and the Rough Bounds,North Morar,56.980371,-5.47553,162.9,3.98,There is a parking area at the end of the seemingly endless rollercoaster of a public road near the head of Loch Arkaig.,None nearby,No,3.6-4.9 hrs,08:08,
Faochaig,3.47,868.90,Western Highlands and Inner Hebrides,Glen Strathfarrar to Glen Affric,Killilan and Iron Lodge,57.332935,-5.288043,207.2,6.8,There is parking on the left at the start of the private section of road to Killilan.,None nearby,No,3.6-4.9 hrs,02:30,
Sgòrr nan Lochan Uaine,3.84,871.30,Northern Highlands and Outer Hebrides,Applecross," Coulin and Torridon, Coulin and Ben Damh",57.522796,-5.393263,211.3,4.57,Park at Coire Dubh car park - best known as the starting point for the path to Coire Mhic Fhearchair on Beinn Eighe.,None nearby,No,3.6-4.9 hrs,06:57,
"Morven, Deeside",3.44,872.00,Eastern Highlands,Cairngorms and North East Grampians,River Don to River Gairn,57.122651,-3.030878,125.0,3.61,"There is space for a number of to park at the end of the public section of this road, where it forks into two tracks.",None nearby,No,3.6-4.9 hrs,08:52,
Ben Hee,3.50,873.00,Northern Highlands and Outer Hebrides,Loch Shin to the Pentland Firth,Srath Luib na Seilich to Loch Merkland,58.265909,-4.683901,225.3,4.84,"The walk starts from West Merkland, but the nearest parking now is around 1.",None nearby,No,3.6-4.9 hrs,06:25,
Sgùrr na Bà Glaise,3.92,874.10,Western Highlands and Inner Hebrides,Ardnamuchan to Loch Linnhe,Moidart,56.837457,-5.656892,187.5,4.55,"Traditionally the parking was by the info board on the right, but the local farmer objects to parking here or the larger parking near the cottages.",None nearby,No,3.7-4.9 hrs,07:00,
Baosbheinn,4.50,875.00,Northern Highlands and Outer Hebrides,Applecross," Coulin and Torridon, 57.628277",57.628277,-5.568618,223.3,5.43,Park in the small car park beside the green barn a few hundred metres east of Loch Bad an Sgalag.,None nearby,No,3.7-4.9 hrs,05:14,
Goatfell,4.42,875.00,Southern Highlands incl Jura and Arran,Argyll and Kintyre,Isle of Arran,55.625849,-5.19192,171.9,5.53,Brodick or Cladach car park (NS014375),Brodick village,No,3.7-4.9 hrs,05:02,
A' Chaoirnich (Maol Creag an Loch),3.00,875.70,Eastern Highlands,Gaick and Atholl,East of Drumochter and Gaick Forest,56.900433,-4.078202,92.5,2.95,"There is no parking at the start of the track up into the Gaick on the north side of the A9, so instead turn towards Trinafour on the opposite side of the road.",None nearby,No,3.7-5.0 hrs,10:05,
Càrn an Fhreiceadain,3.17,877.70,Central Highlands,Monadh Liath to Glen Roy,Monadh Liath,57.137373,-4.107367,120.4,3.8,"There is a large free car park just behind the Duke of Gordon Hotel, off Gynack Road, in the centre of Kingussie, where there are also toilets and information about the local path network.",None nearby,No,3.7-5.0 hrs,08:24,
Ben Ledi,3.97,878.60,Southern Highlands incl Jura and Arran,Loch Tay to the Trossachs,Loch Voil to Strath Gartney,56.258667,-4.322388,59.9,2.28,"Turn off the A84, following the sign for Strathyre Forest Cabins, to cross the Garbh Uisge to the south of Loch Lubnaig; on the far side of the bridge turn left to reach the parking area.",None nearby,No,3.7-5.0 hrs,11:26,
Creag Uchdag,3.06,878.80,Southern Highlands incl Jura and Arran,Loch Tay to the Trossachs,South of Loch Tay to Glen Almond,56.465292,-4.09811,90.5,2.6,"It used to be possible to drive up to the Loch Lednock dam, but this is no longer permitted and there is a locked gate beyond the houses, so instead begin from the car park by Coishavachan at the end ",None nearby,No,3.7-5.0 hrs,10:48,
Sgùrr a' Mhuilinn,3.52,878.80,Western Highlands and Inner Hebrides,Glen Carron to Glen Strathfarrar,Strathconon,57.5584,-4.902284,188.8,4.3,There is a rough grassy parking area up off the right hand side of the road opposite the last forestry cottage in the tiny hamlet of Strathanmore (around 1km before the church).,None nearby,No,3.7-5.0 hrs,07:24,
Fraochaidh,3.65,879.00,Central Highlands,Northwest Argyll and Appin,Appin and Beinn a' Bheithir,56.615694,-5.21364,133.4,3.63,"Start from the car park next to the visitor centre, cafe and toilets in Ballachulish.",None nearby,No,3.7-5.0 hrs,08:44,
Sgùman Còinntich,4.00,879.00,Western Highlands and Inner Hebrides,Glen Strathfarrar to Glen Affric,Killilan and Iron Lodge,57.318808,-5.361314,201.7,5.03,There is parking on the left at the start of the private section of road to Killilan.,None nearby,No,3.7-5.0 hrs,05:56,
Beinn Chuirn,3.42,880.00,Southern Highlands incl Jura and Arran,Loch Tay to the Trossachs,Cononish,56.4239,-4.789889,90.8,2.71,There is a good sized car park off the A82 road by taking the turning for Dalrigh; keep left after taking the turn and the car park is on the left.,None nearby,No,3.7-5.0 hrs,10:34,
Sgùrr Mhurlagain,3.13,880.00,Western Highlands and Inner Hebrides,Knoydart and the Rough Bounds,Glen Kingie to Loch Arkaig,56.998486,-5.273693,156.8,3.38,There is a car park at the end of the roller-coaster road along the north side of Loch Arkaig.,None nearby,No,3.7-5.0 hrs,09:14,
Rois-Bheinn,4.13,882.40,Western Highlands and Inner Hebrides,Ardnamuchan to Loch Linnhe,Moidart,56.837646,-5.680416,172.0,3.78,"Traditionally the parking was by the info board on the right, but the local farmer objects to parking here or the larger parking near the cottages.",None nearby,No,3.7-5.0 hrs,08:26,
"Stob Dubh, Beinn Ceitlein",4.23,883.00,Central Highlands,Northwest Argyll and Appin,East of Loch Etive,56.595423,-4.988134,116.8,2.72,There is a small layby a short distance west along the Glen Etive road from Alltchaorunn bridge - do not park blocking any passing spaces.,None nearby,No,3.7-5.0 hrs,10:33,
Beinn Odhar Bheag,3.85,883.30,Western Highlands and Inner Hebrides,Ardnamuchan to Loch Linnhe,Moidart,56.842224,-5.532403,162.3,3.58,There are numerous parking laybys along the A830 between Glenfinnan and Loch Eilt - the correct one at NM856813 has a gate leading to a bridge over the river with the railway line beyond.,None nearby,No,3.7-5.0 hrs,08:50,
"Cam Chreag, Strath Fillan",2.89,883.60,Southern Highlands incl Jura and Arran,Rannoch Moor to Loch Tay,Above Bridge of Orchy,56.476066,-4.639171,94.6,2.86,Park at the Meggernie Estate car park (toilets) at Innerwick in Glen Lyon.,None nearby,No,3.7-5.0 hrs,10:16,
The Cobbler (Ben Arthur),4.50,884.00,Southern Highlands incl Jura and Arran,Argyll and Kintyre,Arrochar Alps,56.213045,-4.808061,92.3,2.21,Loch Long car park or Succoth car park (NN295049),Arrochar village,No,3.7-5.0 hrs,11:34,
Buidhe Bheinn,4.20,885.50,Western Highlands and Inner Hebrides,Loch Hourn to Glen Shiel,Glen Shiel Forest,57.127152,-5.366456,180.6,4.3,Continue past the farm/tea room to reach the day and overnight parking area on the left - there is a charge.,None nearby,No,3.7-5.0 hrs,07:24,
"Garbh Bheinn, Ardgour",4.37,885.60,Western Highlands and Inner Hebrides,Ardnamuchan to Loch Linnhe,Ardgour,56.704508,-5.425351,135.4,3.19,"There is a rough layby just west of the bridge over the Allt Gleann a' Chaolais, east of Caolasnacan on the B863; if full, there is space for another car just east of the bridge.",None nearby,No,3.7-5.0 hrs,09:37,
"Beinn a' Chaisteil, Orchy",3.70,886.00,Southern Highlands incl Jura and Arran,Rannoch Moor to Loch Tay,Above Bridge of Orchy,56.490625,-4.686112,93.7,2.57,There is parking at the start of the tarmac hydro road that branches off the A835 just east of Black Bridge.,None nearby,No,3.7-5.0 hrs,10:51,
Ben Aden (Beinn an Aodainn),4.54,887.00,Western Highlands and Inner Hebrides,Knoydart and the Rough Bounds,Rough Bounds and south of Loch Cuaich,57.030752,-5.463157,176.8,3.85,"There is room to park several cars where a track heads south off the road at NG993034, without blocking access to the track (which has a locked chain).",None nearby,No,3.7-5.0 hrs,08:18,
Meall a' Ghiubhais (Meall a' Ghiuthais),4.09,887.00,Northern Highlands and Outer Hebrides,Applecross," Coulin and Torridon, 57.615205",57.615205,-5.390206,208.2,4.48,Start the walk by following the 'Mountain Trail' which begins at the far end of the car park and passes through the underpass beneath the main road.,None nearby,No,3.7-5.0 hrs,07:02,
Aonach Shasuinn,3.33,888.00,Western Highlands and Inner Hebrides,Glen Affric to Glen Shiel,South of Glen Affric,57.216424,-5.026763,172.2,5.31,Park at the River Affric car park (charge) at the end of the public road up Glen Affric.,None nearby,No,3.7-5.0 hrs,05:22,
Sgùrr Dhomhnuill,4.11,888.40,Western Highlands and Inner Hebrides,Ardnamuchan to Loch Linnhe,Ardgour,56.754678,-5.453782,149.8,4.68,There is a large car park at the entrance to Ariundle Oakwoods.,None nearby,No,3.7-5.0 hrs,06:38,
Creagan na Beinne,2.97,889.10,Southern Highlands incl Jura and Arran,Loch Tay to the Trossachs,South of Loch Tay to Glen Almond,56.50694,-4.041697,89.8,2.36,"There is parking a verge parking area in Ardtalnaig, just south of the bridge over the burn, take care to leave enough room for turning lorries.",None nearby,No,3.7-5.1 hrs,11:10,
Beinn Enaiglair,3.77,890.00,Northern Highlands and Outer Hebrides,Loch Broom to Easter Ross,Inverlael and Strathvaich,57.779121,-4.986724,201.6,4.41,"Ignore the track leading into the forest from here and instead take a path (sign 'Hill access') from the east end of the car park, passing through the trees before emerging at the road again on the ed",None nearby,No,3.7-5.1 hrs,07:04,
An Ruadh-Stac,4.63,890.40,Northern Highlands and Outer Hebrides,Applecross," Coulin and Torridon, 57.475007",57.475007,-5.468272,226.5,5.31,There is a parking area on the north side of the A890 road just west of the bridge at Coulags.,None nearby,No,3.7-5.1 hrs,05:16,
Beinn a' Chuallaich,3.52,892.20,Southern Highlands incl Jura and Arran,Rannoch Moor to Loch Tay,Above Loch Rannoch and Loch Tummel,56.729023,-4.151527,90.0,2.16,"Begin by heading through the gate in the deer fence opposite the parking area, and heading up the field parallel to the forest edge. (NN707614)",None nearby,No,3.8-5.1 hrs,11:34,
"Creag Mhòr, Abernethy",3.67,895.00,Eastern Highlands,Cairngorms and North East Grampians,Lairig Ghru to Lairig an Laoigh,57.124265,-3.55842,140.5,6.36,"The walk begins from the Allt Mòr car park (charge) which is signed on the left side of the road to the Cairngorm ski area, around 1km beyond the turning for Glenmore Lodge (parking at the lodge has b",None nearby,No,3.8-5.1 hrs,03:10,
Gairbeinn,3.15,895.50,Central Highlands,Monadh Liath to Glen Roy,Glen Doe and Corrieyairack Pass,57.052003,-4.53968,120.3,3.23,There is parking just before the end of the public road up heading up the glen of the upper Spey from Laggan; the road extends further than shown on 1:50k maps and reaches a bridge beside a ford just ,None nearby,No,3.8-5.1 hrs,09:26,
"Beinn Bhàn, Applecross",3.15,895.70,Northern Highlands and Outer Hebrides,Applecross," Coulin and Torridon, Applecross",57.442373,-5.661701,226.5,5.03,"There is limited parking along the forest track on the left just before Inverskilavulin Bridge, but be careful not to obstruct the track.",None nearby,No,3.8-5.1 hrs,05:50,
Ruadh-stac Beag,4.38,896.00,Northern Highlands and Outer Hebrides,Applecross," Coulin and Torridon, 57.596406",57.596406,-5.39398,209.8,4.53,Park at the Beinn Eighe visitor centre.,None nearby,No,3.8-5.1 hrs,06:50,
Ben Tirran,3.33,897.00,Eastern Highlands,Glenshee to Cairn o'Mount,Angus Glens,56.858711,-3.029165,98.1,4.57,The walk begins beside the Glen Clova Hotel but the car park is for patrons only; there is a public car park just over the bridge in the direction of Glen Doll.,None nearby,No,3.8-5.1 hrs,06:45,
Sgùrr nan Eugallt,4.14,897.50,Western Highlands and Inner Hebrides,Knoydart and the Rough Bounds,Glen Barrisdale,57.087981,-5.422658,179.3,3.88,"There is parking for several cars both a short distance further along the road where the right of way to Glenshiel goes off, and also a short distance back along the road.",None nearby,No,3.8-5.1 hrs,08:08,
Beinn a' Bhùiridh,2.84,898.40,Central Highlands,Northwest Argyll and Appin,Ben Cruachan and Glen Kinglass,56.409098,-5.090291,106.8,2.76,There is space for one car to park carefully opposite this entrance (a wide turning circle is needed for large vehicles exiting the gate) - alternatively there is a layby a short distance east along t,"If full, it is no longer possible to park at the Power Station Visitor Centre, but there is a proper layby about 700m further along the road towards Oban, on the right hand side.",No,3.8-5.1 hrs,10:22,
Aonach Buidhe,3.62,899.00,Western Highlands and Inner Hebrides,Glen Strathfarrar to Glen Affric,Killilan and Iron Lodge,57.34119,-5.229298,207.5,6.9,There is parking on the left at the start of the private section of road to Killilan.,None nearby,No,3.8-5.1 hrs,02:06,
Culardoch,3.13,900.00,Eastern Highlands,Cairngorms and North East Grampians,East of Lairig an Laoigh,57.073367,-3.331878,103.2,2.87,There is a car park for walkers at Keiloch on the Invercauld Estate a short distance off the A93; a charge is made.,None nearby,No,3.8-5.1 hrs,10:09,
"Beinn Odhar, Tyndrum",3.41,900.80,Southern Highlands incl Jura and Arran,Rannoch Moor to Loch Tay,Above Bridge of Orchy,56.467674,-4.700451,90.7,2.23,"Start from the centre of Tyndrum, and begin by heading north along the road, passing the Green Welly Stop, then turning right immediately over the river to go through the car park of Brodie's Mini Mar",None nearby,No,3.8-5.1 hrs,11:26,
"Beinn Mheadhonach, Atholl",3.38,900.90,Eastern Highlands,Gaick and Atholl,Glen Bruar to Glen Tilt,56.860964,-3.83842,87.7,3.6,"Turn right one final time here to head back to the Old Bridge of Tilt itself, and then left into the car park at the start of the walk.",None nearby,No,3.8-5.1 hrs,08:41,
Sgùrr an Fhuarain,3.74,901.00,Western Highlands and Inner Hebrides,Knoydart and the Rough Bounds,Rough Bounds and south of Loch Cuaich,57.028891,-5.317911,175.7,3.96,The minor road up Loch Arkaig is something of a roller-coaster journey; continue to the end of the public road where there is a new car park.,None nearby,No,3.8-5.1 hrs,07:58,
Ben Tee,3.59,901.60,Western Highlands and Inner Hebrides,Knoydart and the Rough Bounds,Glen Garry Forest,57.032248,-4.900723,164.8,4.45,"There is a car park at Kilfinnan, the section just off the road with wooden fencing (works depot behind it) is available to walkers during the hydro construction project.",None nearby,No,3.8-5.1 hrs,07:00,
Beinn an Lochain,4.37,901.70,Southern Highlands incl Jura and Arran,Argyll and Kintyre,Cowal and Ardgoil,56.230101,-4.876246,94.0,2.11,However the path from here soon leads into an impassable swamp - so don't try it! Instead park in a layby on the west side of the A83 around two kilometres north of the Rest and Be Thankful summit.,None nearby,No,3.8-5.1 hrs,11:40,
Beinn Damh,4.41,902.40,Northern Highlands and Outer Hebrides,Applecross," Coulin and Torridon, 57.492871",57.492871,-5.51815,221.2,5.59,"From the car park walk to the left of the main Beinn Bar building, passing through a courtyard.",None nearby,No,3.8-5.1 hrs,04:43,
Ben Vuirich,3.60,903.10,Eastern Highlands,Gaick and Atholl,Glen Tilt to Glen Brerachan,56.810745,-3.644007,85.5,3.16,Park in the car park near the end of the public road signed for Monzie; there is a parking charge.,None nearby,No,3.8-5.2 hrs,09:28,
"Beinn Dearg Mòr, Fisherfield",2.93,906.28,Northern Highlands and Outer Hebrides,The Fannichs to Loch Maree,Fisherfield,57.765818,-5.30994,228.6,6.48,The walk starts where the track leaves the A832 on the west side of the bridge over the Gruinard River - there is limited verge parking just to the west.,None nearby,No,3.8-5.2 hrs,02:50,
Beinn Maol Chaluim,3.86,906.30,Central Highlands,Northwest Argyll and Appin,South of Glen Coe,56.627879,-5.041955,116.2,2.81,"There is a gravelly layby on the north side of the Glen Etive road at NN148493, on the opposite side from a passing place.",None nearby,No,3.8-5.2 hrs,10:10,
Leum Uilleim,3.97,906.50,Central Highlands,Loch Linnhie to Loch Ericht,Around Loch Ossian,56.738945,-4.730765,131.3,4.41,"Corrour station (no road access, train only) (NN356664)",None (remote),No,3.8-5.2 hrs,06:58,
Fuar Tholl,4.55,907.00,Northern Highlands and Outer Hebrides,Applecross," Coulin and Torridon, 57.485401",57.485401,-5.379192,209.0,4.48,"If arriving by car, park at the layby on the A890 opposite the telephone box and the private road to Achnashellach station.",None nearby,No,3.8-5.2 hrs,06:50,
"Meall Buidhe, Glen Lyon",3.24,908.40,Southern Highlands incl Jura and Arran,Rannoch Moor to Loch Tay,Glen Lyon west,56.570163,-4.562011,89.2,2.75,"Roadside parking, upper Glen Lyon (NN510460)",None nearby,No,3.8-5.2 hrs,10:18,
Streap ,4.28,909.00,Western Highlands and Inner Hebrides,South Morar to Glen Loy,Glen Finnan and Gleann Fionnlighe,56.923025,-5.375552,162.3,3.88,Park at the Craigag car park signed off to the north side of the A830 just west of the bridge over the Dubh Lighe.,None nearby,No,3.8-5.2 hrs,08:02,
Beinn nan Oighreag,3.00,909.60,Southern Highlands incl Jura and Arran,Rannoch Moor to Loch Tay,Glen Lochay,56.540103,-4.373236,99.2,2.66,"Park carefully - taking care not to cause an obstruction - by the start of tarmac track branching from Glen Lochay minor road at NN539352, about 700m from where the two roads up the glen join up.",None nearby,No,3.8-5.2 hrs,10:28,
"Ganu Mòr, Foinaven (Foinne Bheinn)",4.50,911.05,Northern Highlands and Outer Hebrides,Loch Shin to the Pentland Firth,Srath Dionard to Strath Stack,58.412077,-4.885686,273.5,7.26,Roadside parking on A838 (NC352449),None nearby,No,3.9-5.2 hrs,01:16,
The Fara,3.43,911.40,Central Highlands,Glen Garry to Loch Rannoch,Laggan and Ardverikie,56.928385,-4.304857,104.2,2.57,"The easiest way to bypass it is to head back, head towards the station and turn left in front of it to follow the road to the crossing (do not park at the railway station itself).",None nearby,No,3.9-5.2 hrs,10:39,
Leathad an Taobhain,2.87,911.70,Eastern Highlands,Gaick and Atholl,Glen Tromie to Glen Feshie,56.948664,-3.938642,133.2,4.64,"From here turn left and head back to the start by reversing the outward route, remembering to cross the bridge back over the Feshie to return via Achlean to the car park.",None nearby,No,3.9-5.2 hrs,06:31,
"Beinn Bhreac, Atholl",3.20,912.44,Eastern Highlands,Gaick and Atholl,Glen Bruar to Glen Tilt,56.916141,-3.860336,90.0,4.35,Blair Atholl car park (NN875662),Blair Atholl village,No,3.9-5.2 hrs,07:06,
Sgùrr a' Choire-bheithe,4.14,913.32,Western Highlands and Inner Hebrides,Knoydart and the Rough Bounds,Glen Barrisdale,57.057235,-5.471317,176.8,3.85,Kinloch Hourn road end (NG950067),None nearby,No,3.9-5.2 hrs,08:05,
Sgùrr nan Ceannaichean,3.71,913.43,Western Highlands and Inner Hebrides,Glen Carron to Glen Strathfarrar,Attadale and Monar,57.482328,-5.192325,207.6,4.93,Park in the layby on the south side of the A890 1km west of the bridge over the Allt Coire Crubaidh.,None nearby,No,3.9-5.2 hrs,05:56,
Beinn a' Chlaidheimh,3.78,913.96,Northern Highlands and Outer Hebrides,The Fannichs to Loch Maree,Fisherfield,57.745943,-5.259069,207.5,4.47,An alternative is to wild-camp; there is a great spot in the alder woods at NH088788; this is best reached by following the track used as the way back on the Shenavall circuit.,None nearby,No,3.9-5.2 hrs,06:51,
