Name,Users_Rating,Height_m,Section_Name,Area_Name,Sub_Area_Name,Latitude,Longitude,Distance_From_EDI_miles,Drive_Time_hrs,Car_Park,Toilets_Info,Is_Climbed,Time_Estimate,Suggested_Leaving_Time,Reviews,PostCode
Beinn Teallach,2.71,914.60,Central Highlands,Monadh Liath to Glen Roy,Creag Meagaidh and neighbours,56.935943,-4.694766,130.2,3.15,"The walk begins where a forestry track leaves the A86 just east of the bridge over the Allt a'Chaorainn; there is space for a few cars to park carefully, and a layby a short distance east along the ro",None nearby,No,3.9-5.2 hrs,09:30,,PH31
Càrn Aosda,2.15,915.30,Eastern Highlands,Glenshee to Cairn o'Mount,Glen Shee,56.895711,-3.423279,85.2,2.17,Glenshee ski centre car park (NO138780),Glenshee ski centre,No,3.9-5.2 hrs,11:27,,AB35
Ben Vane,3.71,915.76,Southern Highlands incl Jura and Arran,Argyll and Kintyre,Arrochar Alps,56.249793,-4.781675,92.0,2.63,There is a good sized car park (charge) at the Inveruglas Visitor Centre on the west side of Loch Lomond.,None nearby,No,3.9-5.2 hrs,10:32,,PA26
Beinn a' Chleibh,2.68,916.30,Southern Highlands incl Jura and Arran,Loch Tay to the Trossachs,Cononish,56.390243,-4.83565,103.9,3.16,You probably won't mind getting wet feet in the Lochy for the last few metres to the car park. (NN239278),None nearby,No,3.9-5.3 hrs,09:22,,FK20
Meall na Teanga,3.44,916.80,Western Highlands and Inner Hebrides,Knoydart and the Rough Bounds,Glen Garry Forest,56.98903,-4.930963,144.0,3.13,"There is a tarmac car park at Kilfinnan, part of which is available to walkers even during the hydro construction project.",None nearby,No,3.9-5.3 hrs,09:26,,PH34
"Geal-chàrn, Drumochter",2.73,917.10,Central Highlands,Glen Garry to Loch Rannoch,West of Drumochter,56.874446,-4.304522,99.4,2.44,Park in a layby on the A86 just east of the track leading over the bridge over the River Laggan.,None nearby,No,3.9-5.3 hrs,10:49,,PH19
Creag nan Damh,3.21,917.20,Western Highlands and Inner Hebrides,Loch Hourn to Glen Shiel,South Glen Shiel Ridge,57.147285,-5.334979,182.0,4.53,Now all you need to do is get back to your start point several km back up the busy road - there is a layby just to the right.,None nearby,No,3.9-5.3 hrs,06:38,,IV40
A' Ghlas-bheinn,3.32,918.00,Western Highlands and Inner Hebrides,Glen Strathfarrar to Glen Affric,Strath Croe,57.255102,-5.30369,191.7,4.52,"Turn off the A87 at Morvich, and park at the National Trust for Scotland Morvich countryside centre, opposite Morvich Caravan Club site.",None nearby,No,3.9-5.3 hrs,06:39,,IV53
Sgùrr a' Mhadaidh,4.35,918.00,Western Highlands and Inner Hebrides,Inner Hebrides,Black Cuillin of Skye,57.230896,-6.231949,238.4,5.23,Park at Glen Brittle Youth Hostel; there is space on the left hand verge of the road both before and after the bridge.,None nearby,No,3.9-5.3 hrs,05:14,,IV47
"Ruadh Stac Mòr, Fisherfield",4.13,918.70,Northern Highlands and Outer Hebrides,The Fannichs to Loch Maree,Fisherfield,57.726803,-5.329291,210.0,4.52,An alternative is to wild-camp; there is a great spot in the alder woods at NH088788; this is best reached by following the track used as the way back on the Shenavall circuit.,None nearby,No,3.9-5.3 hrs,06:39,,IV22
Gairich,3.86,918.80,Western Highlands and Inner Hebrides,Knoydart and the Rough Bounds,Rough Bounds and south of Loch Cuaich,57.044895,-5.255845,170.5,3.7,The minor road up Loch Arkaig is something of a roller-coaster journey; continue to the end of the public road where there is a new car park.,None nearby,No,3.9-5.3 hrs,08:18,,PH35
"An Socach, Glen Affric",3.61,919.70,Western Highlands and Inner Hebrides,Glen Strathfarrar to Glen Affric,North of Glen Affric,57.257572,-5.171317,202.0,5.11,There is a small car park on the right just before reaching the dam.,None nearby,No,3.9-5.3 hrs,05:28,,IV4
Sgiath Chùil,2.78,920.10,Southern Highlands incl Jura and Arran,Rannoch Moor to Loch Tay,Glen Lochay,56.453169,-4.49565,80.5,2.52,"There is parking for a couple of cars to park hard on the left near the start of the track taking care to leave plenty of space for farm vehicles to manoeuvre, or alternatively on the grass verge of t",None nearby,No,3.9-5.3 hrs,10:39,,FK20
Càrn Sgulain,2.05,920.30,Central Highlands,Monadh Liath to Glen Roy,Monadh Liath,57.124385,-4.176991,157.7,4.52,Park at the end of the minor road leading from Newtonmore into Glen Banchor.,None nearby,No,3.9-5.3 hrs,06:39,,PH20
"Tom na Gruagaich, Beinn Alligin",4.46,922.00,Northern Highlands and Outer Hebrides,Applecross," Coulin and Torridon, 57.580542",57.580542,-5.581913,218.4,4.74,"Park in the car park on the west side of the Abhainn Coire Mhic Nobuil, about three kilometres west of Torridon village.",None nearby,No,3.9-5.3 hrs,06:13,,IV54
An Coileachan,3.10,924.00,Northern Highlands and Outer Hebrides,The Fannichs to Loch Maree,The Fannichs,57.667643,-4.949503,191.5,4.96,Parking at A832 Fannich Lodge track (NH236660),None nearby,No,3.9-5.3 hrs,05:46,,IV23
Sgùrr nan Each,3.86,924.00,Northern Highlands and Outer Hebrides,The Fannichs to Loch Maree,The Fannichs,57.68103,-5.046362,200.6,5.48,From the parking area walk back along the road for 20 metres until you reach the track leading to Loch a Bhraoin; it is signed for long distance routes to Kinlochewe and Loch Fannich.,None nearby,No,3.9-5.3 hrs,04:44,,IV23
"Stob Coire Raineach, Buachaille Etive Beag",3.37,924.50,Central Highlands,Northwest Argyll and Appin,South of Glen Coe,56.649911,-4.951621,111.9,2.58,Parking off A82 at Glen Coe (NN172567),Glencoe village,No,3.9-5.3 hrs,10:32,,PH50
Creag Pitridh,3.17,924.50,Central Highlands,Glen Garry to Loch Rannoch,Laggan and Ardverikie,56.899725,-4.484988,121.1,4.27,Park in a layby on the A86 just east of the track leading over the bridge over the River Laggan.,None nearby,No,3.9-5.3 hrs,07:09,,PH30
Meall a' Choire Lèith,2.59,925.60,Southern Highlands incl Jura and Arran,Rannoch Moor to Loch Tay,Lawers and Tarmachan,56.566324,-4.259618,93.5,2.52,"There is a small parking layby just north of the summit of the Lairig an Lochain road that links Loch Tay with Glen Lyon, marked by a large cairn.",None nearby,No,3.9-5.3 hrs,10:39,,FK21
Beinn Liath Mhor,3.98,926.00,Northern Highlands and Outer Hebrides,Applecross," Coulin and Torridon, 57.512107",57.512107,-5.400621,211.3,4.57,"If arriving by car, park at the layby on the A890 opposite the telephone box and the private road to Achnashellach station.",None nearby,No,3.9-5.3 hrs,06:33,,IV54
Seana Bhraigh,4.24,926.00,Northern Highlands and Outer Hebrides,Loch Broom to Easter Ross,Strath Mulzie and Freevater,57.847349,-4.896619,211.8,5.74,"The impressive ridge seen enclosing the opposite side of the Luchd Choire leading up to Creag an Duine makes a fine and challenging scramble, approached from the walkers car park (outside stalking sea",None nearby,No,3.9-5.3 hrs,04:13,,IV23
"Geal Chàrn, Monadh Liath",2.75,926.30,Central Highlands,Monadh Liath to Glen Roy,Monadh Liath,57.057437,-4.373575,113.5,2.98,"Start from the parking area on the left just before Garva Bridge, some distance up the minor road past the Spey dam.",None nearby,No,3.9-5.3 hrs,09:44,,PH20
Sgùrr nan Eag,4.22,926.30,Western Highlands and Inner Hebrides,Inner Hebrides,Black Cuillin of Skye,57.195836,-6.211281,241.4,5.36,Park at the new car park just east of the bridge over the River Finnan (charge) - note that this is extremely busy in summer especially before a steam train is due - you may need to arrive very early,None nearby,No,3.9-5.3 hrs,04:58,,IV48
Beinn Narnain,3.87,926.80,Southern Highlands incl Jura and Arran,Argyll and Kintyre,Arrochar Alps,56.220963,-4.789023,93.4,2.94,Start from the car park (charge) at Succoth on the north side of Loch Long near Arrochar.,None nearby,No,3.9-5.3 hrs,09:49,,PA24
Eididh nan Clach Geala,3.39,927.00,Northern Highlands and Outer Hebrides,Loch Broom to Easter Ross,Inverlael and Strathvaich,57.813511,-4.934217,206.8,5.06,There is a car park just north of the house on the east side of the A835 just south of Inverlael Bridge.,None nearby,No,3.9-5.3 hrs,05:34,,IV23
Ben Hope,3.80,927.00,Northern Highlands and Outer Hebrides,Loch Shin to the Pentland Firth,Loch Eribol to Loch Naver,58.41313,-4.607853,238.2,5.11,There is a car park on the minor road up Strathmore around three kilometres south of the head of Loch Hope.,None nearby,No,3.9-5.3 hrs,05:28,,IV27
Moruisg,2.72,928.00,Western Highlands and Inner Hebrides,Glen Carron to Glen Strathfarrar,Attadale and Monar,57.499738,-5.170639,202.5,4.35,Park in the layby on the south side of the A890 1km west of the bridge over the Allt Coire Crubaidh.,None nearby,No,3.9-5.3 hrs,07:00,,IV4
Meall nan Eun,2.79,928.10,Central Highlands,Northwest Argyll and Appin,East of Loch Etive,56.561194,-4.942946,117.6,2.72,The walk starts along the track leading down to Coiletir from the Glen Etive road; there is a good sized parking layby off the opposite side of the road. (NN138457),None nearby,No,3.9-5.3 hrs,10:15,,PA36
Mayar,3.37,928.60,Eastern Highlands,Glenshee to Cairn o'Mount,Angus Glens,56.848944,-3.246291,87.9,3.17,"From the car park follow the sign for Forest Walks and take the track past the farm at Acharn, keeping left at the fork here (sign Forest Walks).",None nearby,No,3.9-5.3 hrs,09:21,,AB35
Blà Bheinn (Blaven),4.57,928.80,Western Highlands and Inner Hebrides,Inner Hebrides,"Strathaird and Red Cuillin, Skye",57.219593,-6.093231,218.0,4.81,Or take the path from the far end of the car park which heads back down the stream and then turn left to cross the stream on the road and head left up the path.,None nearby,No,3.9-5.3 hrs,06:04,,IV48
"A' Chailleach, Monadhliath",3.47,929.30,Central Highlands,Monadh Liath to Glen Roy,Monadh Liath,57.109582,-4.179293,157.7,4.52,Park at the end of the minor road leading from Newtonmore into Glen Banchor.,None nearby,No,4.0-5.3 hrs,06:39,,PH20
"Beinn Bhreac, Glen Derry",2.63,930.30,Eastern Highlands,Cairngorms and North East Grampians,East of Lairig an Laoigh,57.055083,-3.553475,104.4,2.96,From the back of the Linn of Dee car park a footpath signed for 'Glen Lui' heads into the woods.,None nearby,No,4.0-5.4 hrs,09:40,,PH22
Ben Chonzie,3.05,930.40,Southern Highlands incl Jura and Arran,Loch Tay to the Trossachs,South of Loch Tay to Glen Almond,56.453857,-3.992062,69.7,2.05,Start the walk from the parking area opposite the old school at Coishavachan up Glen Lednock (not the signed Old School 900m before the parking area).,None nearby,No,4.0-5.4 hrs,11:30,,PH6
"Meall Buidhe, Loch an Daimh",3.04,932.10,Southern Highlands incl Jura and Arran,Rannoch Moor to Loch Tay,Glen Lyon west,56.617241,-4.448622,99.6,2.86,Start from the parking area just east of the Giorra dam of Loch an Dàimh.,None nearby,No,4.0-5.4 hrs,09:52,,PH17
Beinn Chabhair,3.22,932.20,Southern Highlands incl Jura and Arran,Loch Tay to the Trossachs,Glen Dochart to Loch Voil,56.325785,-4.641484,88.6,2.31,There is no public parking for this walk; we describe it from the Drovers Inn at Inverarnan which has a large car park assuming you buy food or drinks after the walk; alternatively you can park at Bei,None nearby,No,4.0-5.4 hrs,10:58,,FK20
The Cairnwell,2.15,933.00,Eastern Highlands,Glenshee to Cairn o'Mount,Glen Shee,56.879527,-3.421203,86.2,2.52,Glenshee ski centre car park (NO138780),Glenshee ski centre,No,4.0-5.4 hrs,10:33,,AB35
Maol Chean-dearg,3.81,933.00,Northern Highlands and Outer Hebrides,Applecross," Coulin and Torridon, 57.491722",57.491722,-5.465551,226.5,5.31,There is a parking area on the north side of the A890 road just west of the bridge at Coulags.,None nearby,No,4.0-5.4 hrs,04:58,,IV54
Fionn Bheinn,3.03,933.00,Northern Highlands and Outer Hebrides,The Fannichs to Loch Maree,The Fannichs,57.611162,-5.102723,197.3,4.5,Park at the car park in the centre of Achnasheen.,None nearby,No,4.0-5.4 hrs,06:35,,IV23
"Beinn Tarsuinn, Fisherfield",3.98,933.80,Northern Highlands and Outer Hebrides,The Fannichs to Loch Maree,Fisherfield,57.702072,-5.291641,209.9,4.52,An alternative is to wild-camp; there is a great spot in the alder woods at NH088788; this is best reached by following the track used as the way back on the Shenavall circuit.,None nearby,No,4.0-5.4 hrs,06:33,,IV22
Am Bàsteir,4.46,934.00,Western Highlands and Inner Hebrides,Inner Hebrides,Black Cuillin of Skye,57.247968,-6.202985,227.3,5.1,The footpath begins on the opposite side of the road at the far end of the lay-by It soon leads to a footbridge high over the river; cross this and continue on the now excellent footpath uphill.,None nearby,No,4.0-5.4 hrs,05:24,,IV48
Meall a' Chrasgaidh,2.66,934.40,Northern Highlands and Outer Hebrides,The Fannichs to Loch Maree,The Fannichs,57.712888,-5.048738,203.3,4.48,From the parking area walk back along the road for 20 metres until you reach the track leading to Loch a Bhraoin; it is signed for long distance routes to Kinlochewe and Loch Fannich.,None nearby,No,4.0-5.4 hrs,06:38,,IV23
Beinn na Lap,3.10,935.00,Central Highlands,Loch Linnhie to Loch Ericht,Around Loch Ossian,56.789404,-4.659989,131.7,4.96,"Corrour station (no road access, train only) (NN356664)",None (remote),No,4.0-5.4 hrs,05:40,,PH30
A' Bhuidheanach Bheag,2.42,936.00,Eastern Highlands,Gaick and Atholl,East of Drumochter and Gaick Forest,56.870356,-4.199006,98.5,2.26,"Park in layby 87, on the west side of the A9 about three quarters of a kilometre south of the Dalwhinnie turning.",None nearby,No,4.0-5.4 hrs,11:04,,PH19
Sròn a' Choire Ghairbh,3.18,936.20,Western Highlands and Inner Hebrides,Knoydart and the Rough Bounds,Glen Garry Forest,57.007858,-4.928755,165.2,4.36,"There is a tarmac car park at Kilfinnan, part of which is available to walkers even during the hydro construction project.",None nearby,No,4.0-5.4 hrs,06:52,,PH35
Beinn Sgulaird,3.69,937.00,Central Highlands,Northwest Argyll and Appin,Glen Creran to Glen Etive,56.566249,-5.170397,135.4,3.38,There is limited parking in a layby on the minor road just east of Druimnavuic.,None nearby,No,4.0-5.4 hrs,08:50,,PA38
Luinne Bheinn,4.02,938.60,Western Highlands and Inner Hebrides,Knoydart and the Rough Bounds,Knoydart,57.04835,-5.513621,207.9,4.94,Inverie (ferry from Mallaig) or Kinloch Hourn road end (NG950067),Inverie village,No,4.0-5.4 hrs,05:43,,PH41
Mullach nan Coirean,3.34,939.30,Central Highlands,Loch Linnhie to Loch Ericht,Loch Leven and Mamores,56.74988,-5.072465,138.5,3.24,Park in the car park (charge) situated above the Glen Nevis road just before reaching the bridge at Polldubh.,None nearby,No,4.0-5.4 hrs,09:07,,PH50
Mount Keen,3.13,939.40,Eastern Highlands,Glenshee to Cairn o'Mount,Glen Callater to Glenmuick,56.969766,-2.97362,107.5,3.46,"From the car park at Invermark, follow the road over the bridge and past the church on the right.",None nearby,No,4.0-5.4 hrs,08:40,,AB35
Càrn na Caim,2.31,940.80,Eastern Highlands,Gaick and Atholl,East of Drumochter and Gaick Forest,56.911752,-4.174483,106.3,3.22,"Park in layby 87, on the west side of the A9 about three quarters of a kilometre south of the Dalwhinnie turning.",None nearby,No,4.0-5.4 hrs,09:09,,PH19
"Càrn Dearg, Loch Ossian",3.22,941.00,Central Highlands,Loch Linnhie to Loch Ericht,Around Loch Ossian,56.759946,-4.589901,133.6,5.13,Park at the end of the minor road leading from Newtonmore into Glen Banchor.,None nearby,No,4.0-5.4 hrs,05:20,,PH30
Beinn a' Chroin,3.46,941.40,Southern Highlands incl Jura and Arran,Loch Tay to the Trossachs,Glen Dochart to Loch Voil,56.331997,-4.609652,75.9,2.51,From the layby take the path that leads to the underpass beneath the railway.,None nearby,No,4.0-5.4 hrs,10:34,,FK20
"An Socach, Glen Ey",3.61,942.80,Eastern Highlands,Glen Ey to Glen Lochsie,Glen Ey,56.902301,-3.513167,104.0,3.35,There is a small car park on the right just before reaching the dam.,None nearby,No,4.0-5.4 hrs,08:53,,AB35
"Ben Vorlich, Loch Lomond",3.38,942.80,Southern Highlands incl Jura and Arran,Argyll and Kintyre,Arrochar Alps,56.274027,-4.755067,91.7,2.28,There is a good sized car park (charge) at the Inveruglas Visitor Centre on the west side of Loch Lomond.,None nearby,No,4.0-5.4 hrs,11:02,,PA26
Binnein Beag,3.69,943.00,Central Highlands,Loch Linnhie to Loch Ericht,Loch Leven and Mamores,56.766975,-4.911167,151.7,3.32,The walk begins from the car park adjacent to St Paul's Church in Kinlochleven; it is signed ' Grey Mare's Tail ' from the main road (it is no longer possible to start from the former Mamore Lodge Hot,None nearby,No,4.0-5.4 hrs,08:57,,PH50
Sgùrr Dubh Mòr,4.28,944.10,Western Highlands and Inner Hebrides,Inner Hebrides,Black Cuillin of Skye,57.204923,-6.21144,241.4,5.36,It soon passes further parking space where it crosses the line of a now-vanished tramway connected with the Fort William aluminium works. (NN252793),None nearby,No,4.0-5.5 hrs,04:46,,IV48
Stob a' Choire Odhair,3.41,945.00,Central Highlands,Northwest Argyll and Appin,Above the Black Mount,56.573327,-4.838324,111.3,3.91,There is a car park off to the left about 300m before Victoria Bridge on the minor road from Bridge of Orchy.,None nearby,No,4.0-5.5 hrs,07:40,,PA36
Bidean a' Choire Sheasgaich,4.04,945.00,Western Highlands and Inner Hebrides,Glen Carron to Glen Strathfarrar,Attadale and Monar,57.419727,-5.250477,214.5,6.53,"Start from the walker's car park on the right after turning into Attadale Estate from the A890 south of Strathcarron., ""Whether staying here, camping nearby or just popping in",please repay the estate's generosity by carrying out all your rubbish and keeping the place tidy; flush the toilet by filling the cistern using the bucket in the stream outside.,No,4.0-5.5 hrs,02:26,,IV53
Càrn Bhac,2.70,945.10,Eastern Highlands,Glen Ey to Glen Lochsie,Glen Ey,56.930555,-3.560882,101.9,3.0,There is a small car park in Inverey.,None nearby,No,4.0-5.5 hrs,09:30,,AB35
"Meall Buidhe, Knoydart",3.04,945.50,Western Highlands and Inner Hebrides,Knoydart and the Rough Bounds,Knoydart,57.031577,-5.546347,206.3,4.53,Start from the parking area just east of the Giorra dam of Loch an Dàimh.,None nearby,No,4.0-5.5 hrs,06:26,,PH40
"Càrn Dearg, Monadhliath",3.22,945.70,Central Highlands,Monadh Liath to Glen Roy,Monadh Liath,57.092279,-4.253252,157.6,4.51,Park at the end of the minor road leading from Newtonmore into Glen Banchor.,None nearby,No,4.0-5.5 hrs,06:28,,PH20
Beinn Tulaichean,2.96,945.80,Southern Highlands incl Jura and Arran,Loch Tay to the Trossachs,Glen Dochart to Loch Voil,56.342249,-4.563325,75.0,2.33,"Park in the car park at the end of the public road beyond Loch Voil, where the varied scenery of the Trossachs begins to give way to a more mountainous, Highland landscape.",None nearby,No,4.0-5.5 hrs,10:50,,FK20
Sgùrr na Sgine,3.60,946.00,Western Highlands and Inner Hebrides,Loch Hourn to Glen Shiel,Glen Shiel Forest,57.147121,-5.396651,181.5,4.44,Park at the layby on the north side of the A87(T) about three hundred metres east of where a track goes off the road to Achnagart Farm.,None nearby,No,4.0-5.5 hrs,06:37,,IV40
Creag a' Mhàim,3.22,946.20,Western Highlands and Inner Hebrides,Loch Hourn to Glen Shiel,South Glen Shiel Ridge,57.120987,-5.160052,174.6,3.92,Now all you need to do is get back to your start point several km back up the busy road - there is a layby just to the right.,None nearby,No,4.0-5.5 hrs,07:39,,PH35
Driesh,3.26,947.60,Eastern Highlands,Glenshee to Cairn o'Mount,Angus Glens,56.848011,-3.196531,88.1,3.39,"From the car park follow the sign for Forest Walks and take the track past the farm at Acharn, keeping left at the fork here (sign Forest Walks).",None nearby,No,4.1-5.5 hrs,08:43,,AB35
Sgùrr Mhic Chòinnich,4.61,948.10,Western Highlands and Inner Hebrides,Inner Hebrides,Black Cuillin of Skye,57.208956,-6.22413,241.4,5.36,Glenbrittle car park (NG409206) or Sligachan (NG486298),None nearby,No,4.1-5.5 hrs,04:46,,IV47
Beinn Bhuidhe,3.40,948.50,Southern Highlands incl Jura and Arran,Argyll and Kintyre,Glen Fyne,56.3267,-4.906727,105.9,2.97,There is a car park just west of the River Fyne off the minor horseshoe road that leaves the A83 on either side of the river.,None nearby,No,4.1-5.5 hrs,09:33,,PA26
"Meall Gorm, Fannichs",2.90,949.70,Northern Highlands and Outer Hebrides,The Fannichs to Loch Maree,The Fannichs,57.680859,-4.983798,193.3,5.27,Parking at A832 Fannich Lodge track (NH236660),None nearby,No,4.1-5.5 hrs,04:57,,IV23
Meall Chuaich,2.91,950.80,Eastern Highlands,Gaick and Atholl,East of Drumochter and Gaick Forest,56.963862,-4.112576,106.9,3.53,"Park in the layby on the east side of the A9, marked no.",None nearby,No,4.1-5.5 hrs,08:26,,PH19
"Meall Dearg, Aonach Eagach",4.53,952.30,Central Highlands,Northwest Argyll and Appin,North of Glen Coe,56.680747,-5.003254,114.0,2.62,Park at the small parking area on the north side of the A82 about three hundred metres west of the solitary house at Allt-na-reigh.,None nearby,No,4.1-5.5 hrs,10:15,,PH50
Beinn Mhanach,3.01,952.50,Southern Highlands incl Jura and Arran,Rannoch Moor to Loch Tay,Above Bridge of Orchy,56.534051,-4.646052,97.0,3.59,There is limited parking on the east side of the A82 just north of the sign for the Loch Lomond National Park boundary.,None nearby,No,4.1-5.5 hrs,08:19,,PA36
Am Faochagach,2.65,953.00,Northern Highlands and Outer Hebrides,Loch Broom to Easter Ross,Inverlael and Strathvaich,57.771822,-4.853882,194.7,5.03,"Park in the small parking area just north of Torrandhu bridge on the A835, close by a Met Office weather station.",None nearby,No,4.1-5.5 hrs,05:26,,IV23
"Stob na Broige, Buachaille Etive Mor",4.02,953.40,Central Highlands,Northwest Argyll and Appin,South of Glen Coe,56.629886,-4.951182,112.1,2.58,Park in the large but often busy layby at Altnafeadh - this is a very popular ascent at weekends.,None nearby,No,4.1-5.5 hrs,10:20,,PH50
"Sgùrr nan Coireachan, Glen Dessarry",3.85,953.80,Western Highlands and Inner Hebrides,Knoydart and the Rough Bounds,Rough Bounds and south of Loch Cuaich,57.007175,-5.405454,158.4,3.42,Park at the new car park just east of the bridge over the River Finnan (charge) - note that this is extremely busy in summer especially before a steam train is due - you may need to arrive very early,None nearby,No,4.1-5.5 hrs,08:39,,PH37
Beinn Liath Mhòr Fannaich,3.98,954.20,Northern Highlands and Outer Hebrides,The Fannichs to Loch Maree,The Fannichs,57.706116,-4.989772,198.7,4.49,"If arriving by car, park at the layby on the A890 opposite the telephone box and the private road to Achnashellach station.",None nearby,No,4.1-5.5 hrs,06:31,,IV23
Sgòr Gaibhre,3.40,954.70,Central Highlands,Loch Linnhie to Loch Ericht,Around Loch Ossian,56.772568,-4.546512,134.3,5.36,"Corrour station (no road access, train only) (NN356664)",None (remote),No,4.1-5.5 hrs,04:46,,PH30
Sàileag,3.05,956.00,Western Highlands and Inner Hebrides,Glen Affric to Glen Shiel,Kintail's Brothers,57.181286,-5.281334,179.0,4.15,"The starting point of the walk is the Glen Shiel car park (not layby) on the A87 east of a gap in the forestry, there is an information board about the Glen Shiel battle and a wooden Hill Path sign.",None nearby,No,4.1-5.5 hrs,07:11,,IV40
"Sgùrr nan Coireachan, Glen Finnan",3.85,956.30,Western Highlands and Inner Hebrides,South Morar to Glen Loy,Glen Finnan and Gleann Fionnlighe,56.935746,-5.448581,162.3,3.88,Park at the new car park just east of the bridge over the River Finnan (charge) - note that this is extremely busy in summer especially before a steam train is due - you may need to arrive very early,None nearby,No,4.1-5.5 hrs,07:44,,PH37
Càrn Ghluasaid,3.04,956.30,Western Highlands and Inner Hebrides,Glen Affric to Glen Shiel,Ceannacroc and north of Loch Cluanie,57.165974,-5.068165,173.1,5.66,There is a large rough parking area off the south side of the A87 at Lundie (there are no buildings).,None nearby,No,4.1-5.5 hrs,04:10,,PH35
"Stob Dubh, Buachaille Etive Beag",4.20,956.70,Central Highlands,Northwest Argyll and Appin,South of Glen Coe,56.638175,-4.970767,114.0,2.62,Park in the large but often busy layby at Altnafeadh - this is a very popular ascent at weekends.,None nearby,No,4.1-5.5 hrs,10:15,,PH50
Tolmount,2.53,957.80,Eastern Highlands,Glenshee to Cairn o'Mount,Glen Shee,56.904749,-3.297937,87.2,2.3,There is a car park (charge) off the A93 on the south side of the bridge over the Callater Burn by Auchallater Farm The walk begins up the track.,None nearby,No,4.1-5.6 hrs,10:48,,AB35
Tom Buidhe,2.18,957.80,Eastern Highlands,Glenshee to Cairn o'Mount,Glen Shee,56.89363,-3.292364,87.2,2.3,There is a car park (charge) off the A93 on the south side of the bridge over the Callater Burn by Auchallater Farm The walk begins up the track.,None nearby,No,4.1-5.6 hrs,10:48,,AB35
Bruach na Frithe,4.18,958.80,Western Highlands and Inner Hebrides,Inner Hebrides,Black Cuillin of Skye,57.246771,-6.210795,237.5,5.21,The footpath begins on the opposite side of the road at the far end of the lay-by It soon leads to a footbridge high over the river; cross this and continue on the now excellent footpath uphill.,None nearby,No,4.1-5.6 hrs,04:58,,IV48
"Beinn Fhionnlaidh, Creran",3.49,959.00,Central Highlands,Northwest Argyll and Appin,Glen Creran to Glen Etive,56.600995,-5.104766,139.6,4.05,There's a car park around 200m east of Chisholm Bridge near the head of Loch Beinn a'Mheadhoin.,None nearby,No,4.1-5.6 hrs,07:18,,PH49
Beinn nan Aighenan,3.36,959.00,Central Highlands,Northwest Argyll and Appin,East of Loch Etive,56.520231,-5.011267,119.3,2.78,The walk starts along the track leading down to Coiletir from the Glen Etive road; there is a good sized parking layby off the opposite side of the road.,None nearby,No,4.1-5.6 hrs,09:50,,PA36
Meall Glas,2.72,959.30,Southern Highlands incl Jura and Arran,Rannoch Moor to Loch Tay,Glen Lochay,56.455724,-4.546848,81.1,2.61,"There is parking for a couple of cars to park hard on the left near the start of the track taking care to leave plenty of space for farm vehicles to manoeuvre, or alternatively on the grass verge of t",None nearby,No,4.1-5.6 hrs,10:10,,FK20
Stùc an Lochain,4.06,959.50,Southern Highlands incl Jura and Arran,Rannoch Moor to Loch Tay,Glen Lyon west,56.570917,-4.470616,104.6,3.15,"Roadside parking, upper Glen Lyon (NN510460)",None nearby,No,4.1-5.6 hrs,09:06,,PH17
Sgòrr Ruadh,4.07,960.70,Northern Highlands and Outer Hebrides,Applecross," Coulin and Torridon, Coulin and Ben Damh",57.498647,-5.40775,209.0,4.48,"Either way, if in a car, park at the layby on the A890 opposite the telephone box and the private road to Achnashellach station.",None nearby,No,4.1-5.6 hrs,06:26,,IV54
"Meall nan Con, Ben Klibreck",3.35,962.10,Northern Highlands and Outer Hebrides,Loch Shin to the Pentland Firth,Strath Vagastie to Strath Ullie,58.23522,-4.411124,225.0,5.05,5km north of the Crask Inn on the rough but hard parking area on the south side of the windfarm entrance.,None nearby,No,4.1-5.6 hrs,05:18,,KW11
Sgùrr Thuilm,3.78,963.00,Western Highlands and Inner Hebrides,South Morar to Glen Loy,Glen Finnan and Gleann Fionnlighe,56.937074,-5.389222,162.3,3.88,Park at the new car park just east of the bridge over the River Finnan (charge) - note that this is extremely busy in summer especially before a steam train is due - you may need to arrive very early,None nearby,No,4.1-5.6 hrs,07:38,,PH37
Càrn a' Chlamain,3.25,963.50,Eastern Highlands,Gaick and Atholl,Glen Bruar to Glen Tilt,56.86098,-3.779632,87.1,3.52,"Begin along this, leaving the car park on the path near the information board through the trees.",None nearby,No,4.1-5.6 hrs,08:21,,PH18
Sgùrr na Banachdich,4.01,965.00,Western Highlands and Inner Hebrides,Inner Hebrides,Black Cuillin of Skye,57.221,-6.241656,240.4,5.27,Park at Glen Brittle Youth Hostel; there is space on the left hand verge of the road both before and after the bridge.,None nearby,No,4.1-5.6 hrs,04:51,,IV47
A' Mhaighdean,4.49,965.80,Northern Highlands and Outer Hebrides,The Fannichs to Loch Maree,Fisherfield,57.719673,-5.346727,210.1,4.52,An alternative is to wild-camp; there is a great spot in the alder woods at NH088788; this is best reached by following the track used as the way back on the Shenavall circuit.,None nearby,No,4.1-5.6 hrs,06:21,,IV22
"Ben More, Mull",3.79,966.00,Western Highlands and Inner Hebrides,Ardnamuchan to Loch Linnhe,Isle of Mull,56.424846,-6.014045,184.6,4.68,"Opposite the track for Dhiseig there is a large parking area on grass, just east of a bridge, on the shore side of the A8035.",None nearby,No,4.2-5.6 hrs,06:02,,PA69
Sgùrr nan Gillean,4.60,966.10,Western Highlands and Inner Hebrides,Inner Hebrides,Black Cuillin of Skye,57.248242,-6.193178,227.3,5.1,The footpath begins on the opposite side of the road at the far end of the lay-by It soon leads to a footbridge high over the river; cross this and continue on the now excellent footpath uphill.,None nearby,No,4.2-5.6 hrs,05:12,,IV48
"Meall Garbh, Glen Lyon",3.25,967.50,Southern Highlands incl Jura and Arran,Rannoch Moor to Loch Tay,Glen Lyon east,56.637391,-4.207475,90.3,2.44,"The car park in Invervar has been reopened for certain times of year; when it is full or when locked use the nearest alternative parking, just over 1km west of the village at a layby on the south side",None nearby,No,4.2-5.6 hrs,10:31,,PH17
"Sgòrr nam Fiannaidh, Aonach Eagach",4.40,967.70,Central Highlands,Northwest Argyll and Appin,North of Glen Coe,56.679402,-5.037162,114.9,2.64,Park at the small parking area on the north side of the A82 about three hundred metres west of the solitary house at Allt-na-reigh.,None nearby,No,4.2-5.6 hrs,10:07,,PH49
Sgùrr a' Ghreadaidh,4.46,972.10,Western Highlands and Inner Hebrides,Inner Hebrides,Black Cuillin of Skye,57.227341,-6.234443,238.5,5.23,Park at Glen Brittle Youth Hostel; there is space on the left hand verge of the road both before and after the bridge.,None nearby,No,4.2-5.7 hrs,04:50,,IV47
Stùc a' Chroin,3.84,973.00,Southern Highlands incl Jura and Arran,Loch Tay to the Trossachs,South of Loch Earn and Glen Artney,56.329321,-4.237549,71.0,2.71,"There is rough informal parking on the verges of the minor road along the south side of Loch Earn, mostly just west of the hump-backed bridge over the Ardvorlich burn.",None nearby,No,4.2-5.7 hrs,09:52,,FK18
A' Mharconaich,2.98,973.20,Central Highlands,Glen Garry to Loch Rannoch,West of Drumochter,56.857016,-4.290671,97.4,2.33,Layby on A9 at Drumochter Pass (NN632748),None nearby,No,4.2-5.7 hrs,10:38,,PH19
Ben Lomond,3.81,973.70,Southern Highlands incl Jura and Arran,Loch Tay to the Trossachs,Loch Katrine to Loch Lomond,56.190311,-4.633032,69.8,2.93,The mountain is not in view from the car park but can be seen from the metal jetty on the loch shore.,None nearby,No,4.2-5.7 hrs,09:26,,PA24
Beinn Sgritheall,4.24,974.00,Western Highlands and Inner Hebrides,Loch Hourn to Glen Shiel,Arnisdale and Glen Elg,57.153837,-5.57974,203.4,4.43,"Please do not park on the verges; a couple of small car parks have been provided, one just a hundred metres from where a footpath sign (near the west end of the village) which reads 'Ben Sgritheall' i",None nearby,No,4.2-5.7 hrs,06:26,,IV43
"Càrn Liath, Beinn a' Ghlo",2.77,975.80,Eastern Highlands,Gaick and Atholl,Glen Tilt to Glen Brerachan,56.807777,-3.744087,82.1,2.42,"There is a good-sized car park at Aberarder on the north side of the A86, opposite Loch Laggan."", ""The footpath crosses a track before reaching the whitewashed former farm which is now part of the National Nature Reserve",run by NatureScot; there are sheltered picnic tables here and a toilet.,No,4.2-5.7 hrs,10:27,,PH18
Càrn a' Gheoidh,2.86,976.10,Eastern Highlands,Glenshee to Cairn o'Mount,Glen Shee,56.873072,-3.46662,91.9,2.76,Glenshee ski centre car park (NO138780),Glenshee ski centre,No,4.2-5.7 hrs,09:46,,AB35
Meall nan Ceapraichean,3.12,976.80,Northern Highlands and Outer Hebrides,Loch Broom to Easter Ross,Inverlael and Strathvaich,57.798534,-4.93401,206.8,5.08,There is a car park just north of the house on the east side of the A835 just south of Inverlael Bridge.,None nearby,No,4.2-5.7 hrs,05:08,,IV23
"Stob Bàn, Grey Corries",4.43,977.00,Central Highlands,Loch Linnhie to Loch Ericht,Grey Corries,56.810669,-4.840884,142.4,3.79,Park in the car park (charge) situated above the Glen Nevis road just before reaching the bridge at Polldubh.,None nearby,No,4.2-5.7 hrs,07:43,,PH31
"Cona' Mheall, Inverlael",3.81,977.80,Northern Highlands and Outer Hebrides,Loch Broom to Easter Ross,Inverlael and Strathvaich,57.791097,-4.903417,194.7,5.03,There is a car park just north of the house on the east side of the A835 just south of Inverlael Bridge.,None nearby,No,4.2-5.7 hrs,05:14,,IV23
Beinn Dubhchraig,3.26,978.60,Southern Highlands incl Jura and Arran,Loch Tay to the Trossachs,Cononish,56.391308,-4.743215,97.0,3.37,"There is a large car park off the A82 road, reached by taking the turning for Dalrigh; keep left and the car park is on the left.",None nearby,No,4.2-5.7 hrs,08:33,,FK20
Stob Coire Sgriodain,3.42,979.00,Central Highlands,Loch Linnhie to Loch Ericht,East of Loch Treig,56.831758,-4.694929,131.7,4.96,"Park at the end of the public road which leads to Fersit, where there is a very large turning area; park carefully to avoid obstructing any turning vehicles.",None nearby,No,4.2-5.7 hrs,05:22,,PH30
Beinn a' Chochuill,3.26,980.00,Central Highlands,Northwest Argyll and Appin,Ben Cruachan and Glen Kinglass,56.449801,-5.068569,104.0,2.88,"There is limited parking on both sides of the bridge over the Allt Mhoille on the B8077 soon after the turn off the A85 at the head of Loch Awe signed for Stronmilchan., ""If full, it is no longer possible to park at the Power Station Visitor Centre, but there is a proper layby about 700m further along the road towards Oban",on the right hand side.,No,4.2-5.7 hrs,09:32,,PA33
Maol Chinn-dearg,3.32,980.30,Western Highlands and Inner Hebrides,Loch Hourn to Glen Shiel,South Glen Shiel Ridge,57.127578,-5.25266,175.6,4.51,Now all you need to do is get back to your start point several km back up the busy road - there is a layby just to the right.,None nearby,No,4.2-5.7 hrs,06:16,,PH35
Ciste Dhubh,3.99,981.10,Western Highlands and Inner Hebrides,Glen Affric to Glen Shiel,Kintail's Brothers,57.199256,-5.209036,174.9,3.98,Start from the layby on the north side of the A87 just over a kilometre east of the Cluanie Inn.,None nearby,No,4.2-5.7 hrs,07:20,,PH35
Slioch,4.40,981.20,Northern Highlands and Outer Hebrides,The Fannichs to Loch Maree,Letterewe,57.66717,-5.347067,209.0,4.5,Start the walk by taking the path at the top of the car park through the trees soon going through a gate to emerge on a wider path - turn left along this.,None nearby,No,4.2-5.7 hrs,06:18,,IV22
Stob Coire a' Chàirn,3.37,981.30,Central Highlands,Loch Linnhie to Loch Ericht,Loch Leven and Mamores,56.75077,-4.969006,127.4,3.01,Park at the car park at the very end of the road up Glen Nevis.,None nearby,No,4.2-5.7 hrs,09:16,,PH50
An Gearanach,4.11,981.50,Central Highlands,Loch Linnhie to Loch Ericht,Loch Leven and Mamores,56.759186,-4.966251,151.7,3.32,Park at the car park at the very end of the road up Glen Nevis.,None nearby,No,4.2-5.7 hrs,08:39,,PH50
Mullach na Dheiragain,3.15,982.00,Western Highlands and Inner Hebrides,Glen Strathfarrar to Glen Affric,North of Glen Affric,57.28342,-5.186355,207.5,6.9,"Glen Affric car park, Dog Falls (NH283283)",None nearby,No,4.2-5.7 hrs,01:30,,IV53
Meall na Aighean,2.94,982.10,Southern Highlands incl Jura and Arran,Rannoch Moor to Loch Tay,Glen Lyon east,56.620637,-4.128745,87.2,2.2,"Roadside parking, Glen Lyon (NN590475)",None nearby,No,4.2-5.7 hrs,10:53,,PH15
Gulvain (Gaor Bheinn),3.70,983.20,Western Highlands and Inner Hebrides,South Morar to Glen Loy,Glen Finnan and Gleann Fionnlighe,56.936229,-5.284544,156.1,4.11,Glenfinnan visitor centre car park (NM906808),Glenfinnan visitor centre,No,4.2-5.7 hrs,07:04,,PH33
Druim Shionnach,3.42,985.20,Western Highlands and Inner Hebrides,Loch Hourn to Glen Shiel,South Glen Shiel Ridge,57.12681,-5.182845,174.6,3.9,Now all you need to do is get back to your start point several km back up the busy road - there is a layby just to the right.,None nearby,No,4.3-5.8 hrs,07:24,,PH35
"Ben Vorlich, Loch Earn",3.38,985.30,Southern Highlands incl Jura and Arran,Loch Tay to the Trossachs,South of Loch Earn and Glen Artney,56.342687,-4.219464,71.5,1.95,There is a good sized car park (charge) at the Inveruglas Visitor Centre on the west side of Loch Lomond.,None nearby,No,4.3-5.8 hrs,11:18,,FK19
"Inaccessible Pinnacle, Sgùrr Dearg",4.60,985.80,Western Highlands and Inner Hebrides,Inner Hebrides,Black Cuillin of Skye,57.21328,-6.234835,241.1,5.32,Glenbrittle car park (NG409206) or Sligachan (NG486298),Glenbrittle campsite or Sligachan hotel,No,4.3-5.8 hrs,04:33,,IV47
"Sgùrr Mhòr, Beinn Alligin",4.53,986.00,Northern Highlands and Outer Hebrides,Applecross," Coulin and Torridon, Beinn Alligin",57.590852,-5.572766,218.4,4.74,"Park in the car park on the west side of the Abhainn Coire Mhic Nobuil, about three kilometres west of Torridon village.",None nearby,No,4.3-5.8 hrs,05:43,,IV22
Lurg Mhòr,3.87,987.50,Western Highlands and Inner Hebrides,Glen Carron to Glen Strathfarrar,Attadale and Monar,57.413109,-5.223672,214.5,6.53,"Start from the walker's car park on the right after turning into Attadale Estate from the A890 south of Strathcarron., ""Whether staying here, camping nearby or just popping in",please repay the estate's generosity by carrying out all your rubbish and keeping the place tidy; flush the toilet by filling the cistern using the bucket in the stream outside.,No,4.3-5.8 hrs,02:08,,IV53
"Conival, Assynt",3.76,987.60,Northern Highlands and Outer Hebrides,Coigach and Assynt,East Assynt and Glencoul,58.135711,-4.8835,235.3,5.14,Park at the public car park in front of the Inchnadamph Hotel.,None nearby,No,4.3-5.8 hrs,04:55,,IV27
Creag Leacach,3.38,988.20,Eastern Highlands,Glenshee to Cairn o'Mount,Glen Shee,56.854648,-3.387773,85.6,2.43,"Park at the layby on the east side of the A93, about two kilometres north of the Glenshee Ski Centre.",None nearby,No,4.3-5.8 hrs,10:20,,AB35
"Sgùrr Bàn, Fisherfield",3.20,989.00,Northern Highlands and Outer Hebrides,The Fannichs to Loch Maree,Fisherfield,57.718559,-5.265911,206.2,4.42,An alternative is to wild-camp; there is a great spot in the alder woods at NH088788; this is best reached by following the track used as the way back on the Shenavall circuit.,None nearby,No,4.3-5.8 hrs,06:21,,IV22
Beinn Eunaich,3.17,989.00,Central Highlands,Northwest Argyll and Appin,Ben Cruachan and Glen Kinglass,56.450364,-5.026656,102.9,2.51,"There is limited parking on both sides of the bridge over the Allt Mhoille on the B8077 soon after the turn off the A85 at the head of Loch Awe signed for Stronmilchan., ""If full, it is no longer possible to park at the Power Station Visitor Centre, but there is a proper layby about 700m further along the road towards Oban",on the right hand side.,No,4.3-5.8 hrs,10:10,,PA33
Sgàirneach Mhòr,2.98,991.40,Central Highlands,Glen Garry to Loch Rannoch,West of Drumochter,56.828461,-4.297794,97.6,2.34,The walk starts from layby 79 on the west side of the A9 near Drumochter Summit (it is also possible to park at the larger layby 80 a little further north and use the cycle path).,None nearby,No,4.3-5.8 hrs,10:31,,PH19
"Càrn nan Gobhar, Strathfarrar",3.00,992.00,Western Highlands and Inner Hebrides,Glen Carron to Glen Strathfarrar,North of Glen Strathfarrar,57.452349,-4.879932,192.4,4.67,There are no access restrictions for walkers or cyclists and there is a car park near Milton Cottage.,None nearby,No,4.3-5.8 hrs,05:51,,IV4
Sgùrr Alasdair,4.48,992.00,Western Highlands and Inner Hebrides,Inner Hebrides,Black Cuillin of Skye,57.206616,-6.224194,241.4,5.36,Glenbrittle car park (NG409206) or Sligachan (NG486298),None nearby,No,4.3-5.8 hrs,04:28,,IV47
"Càrn nan Gobhar, Glen Cannich",3.00,992.30,Western Highlands and Inner Hebrides,Glen Strathfarrar to Glen Affric,North of Glen Cannich,57.363323,-5.024554,197.6,4.5,There are no access restrictions for walkers or cyclists and there is a car park near Milton Cottage.,None nearby,No,4.3-5.8 hrs,06:11,,IV4
"Spidean Coire nan Clach, Beinn Eighe",4.50,993.00,Northern Highlands and Outer Hebrides,Applecross," Coulin and Torridon, 57.582121",57.582121,-5.40371,209.8,4.53,"Turn left on the track to the parking area at Coire an Laoigh, which is an alternative start / parking point (leaving the short road walk until the end).",None nearby,No,4.3-5.8 hrs,06:08,,IV22
Sgùrr na Ruaidhe,2.67,993.00,Western Highlands and Inner Hebrides,Glen Carron to Glen Strathfarrar,North of Glen Strathfarrar,57.441516,-4.852462,188.1,6.12,There are no access restrictions for walkers or cyclists and there is a car park near Milton Cottage.,None nearby,No,4.3-5.8 hrs,02:57,,IV4
Càrn an Fhidhleir (Càrn Ealar),2.75,994.00,Eastern Highlands,Glen Ey to Glen Lochsie,Geldie,56.936033,-3.801532,133.5,4.75,Park at the Linn of Dee car park; there is a charge payable to the National Trust for Scotland.,None nearby,No,4.3-5.8 hrs,05:41,,PH18
Sgùrr na h-Ulaidh,3.52,994.00,Central Highlands,Northwest Argyll and Appin,Glen Creran to Glen Etive,56.619812,-5.080078,139.7,4.07,Parking at Glen Etive road end or Gualachulain (NN137468),None nearby,No,4.3-5.8 hrs,07:03,,PH49
Spidean Mialach,3.73,995.90,Western Highlands and Inner Hebrides,Loch Hourn to Glen Shiel,North of Loch Cuaich,57.08898,-5.193618,168.6,3.66,"It then heads downhill southeast towards the Allt Coire Peitireach and returns to the road after a short, boggy section through dense rhododendrons, to emerge opposite the parking area.",None nearby,No,4.3-5.8 hrs,07:52,,PH35
An Caisteal,3.49,995.90,Southern Highlands incl Jura and Arran,Loch Tay to the Trossachs,Glen Dochart to Loch Voil,56.338624,-4.624377,88.6,2.31,From the layby take the path that leads to the underpass beneath the railway.,None nearby,No,4.3-5.8 hrs,10:34,,FK20
Broad Cairn,3.07,997.10,Eastern Highlands,Glenshee to Cairn o'Mount,Glen Callater to Glenmuick,56.919164,-3.249074,122.0,3.69,Note that on busy weekends the car park can become full and at such times the road up Glen Muick is closed - so arrive early or plan an alternative.,Begin by walking past the visitor centre.,No,4.3-5.8 hrs,07:49,,AB35
Glas Bheinn Mhòr,3.57,997.70,Central Highlands,Northwest Argyll and Appin,East of Loch Etive,56.542434,-5.005286,119.4,2.78,The walk starts along the track leading down to Coiletir from the Glen Etive road; there is a good sized parking layby off the opposite side of the road.,None nearby,No,4.3-5.8 hrs,09:38,,PA36
"A' Chailleach, Fannichs",3.47,998.60,Northern Highlands and Outer Hebrides,The Fannichs to Loch Maree,The Fannichs,57.693795,-5.128723,204.0,4.58,Park at the end of the minor road leading from Newtonmore into Glen Banchor.,None nearby,No,4.3-5.9 hrs,05:56,,IV23
Ben More Assynt,3.98,998.90,Northern Highlands and Outer Hebrides,Coigach and Assynt,East Assynt and Glencoul,58.138186,-4.858212,217.7,4.94,Park at the public car park in front of the Inchnadamph Hotel.,None nearby,No,4.3-5.9 hrs,05:13,,IV27
Sàil Chaorainn,3.10,999.20,Western Highlands and Inner Hebrides,Glen Affric to Glen Shiel,Ceannacroc and north of Loch Cluanie,57.191645,-5.091206,173.5,5.79,There is a large rough parking area off the south side of the A87 at Lundie (there are no buildings).,None nearby,No,4.3-5.9 hrs,03:31,,PH35
Stob Daimh,3.64,999.20,Central Highlands,Northwest Argyll and Appin,Ben Cruachan and Glen Kinglass,56.431347,-5.091335,107.8,2.92,"If full, it is no longer possible to park at the Power Station Visitor Centre, but there is a proper layby about 700m further along the road towards Oban, on the right hand side."", ""If full, it is no longer possible to park at the Power Station Visitor Centre, but there is a proper layby about 700m further along the road towards Oban",on the right hand side.,No,4.3-5.9 hrs,09:15,,PA33
Sgùrr Choinnich,3.63,999.30,Western Highlands and Inner Hebrides,Glen Carron to Glen Strathfarrar,Attadale and Monar,57.451047,-5.207921,207.6,4.93,"Park at Achnashellach Forest car park, which is signed on the north side of the road at Craig.",None nearby,No,4.3-5.9 hrs,05:14,,IV53
Sgùrr Breac,3.41,999.60,Northern Highlands and Outer Hebrides,The Fannichs to Loch Maree,The Fannichs,57.691964,-5.091321,200.6,5.48,From the parking area walk back along the road for 20 metres until you reach the track leading to Loch a Bhraoin; it is signed for long distance routes to Kinlochewe and Loch Fannich.,None nearby,No,4.3-5.9 hrs,04:08,,IV23
"Stob Bàn, Mamores",4.43,999.70,Central Highlands,Loch Linnhie to Loch Ericht,Loch Leven and Mamores,56.74372,-5.030347,150.4,3.36,Park in the car park (charge) situated above the Glen Nevis road just before reaching the bridge at Polldubh.,None nearby,No,4.3-5.9 hrs,08:22,,PH50
Meall Greigh,2.65,1000.70,Southern Highlands incl Jura and Arran,Rannoch Moor to Loch Tay,Lawers and Tarmachan,56.567437,-4.159562,89.1,2.28,Park in the walkers' car park just east of the Ben Lawers hotel; there is a charge.,None nearby,No,4.3-5.9 hrs,10:32,,PH15
Aonach Meadhoin,3.41,1001.00,Western Highlands and Inner Hebrides,Glen Affric to Glen Shiel,Kintail's Brothers,57.17305,-5.22917,176.6,3.94,"The starting point of the walk is the Glen Shiel car park (not layby) on the A87 east of a gap in the forestry, there is an information board about the Glen Shiel battle and a wooden Hill Path sign.",None nearby,No,4.3-5.9 hrs,07:13,,PH35
Sgùrr na Carnach,3.76,1002.00,Western Highlands and Inner Hebrides,Glen Affric to Glen Shiel,Five Sisters of Kintail,57.189056,-5.349226,183.0,4.0,"The starting point of the walk is the Glen Shiel car park (not layby) on the A87 east of a gap in the forestry, there is an information board about the Glen Shiel battle and a wooden Hill Path sign.",None nearby,No,4.3-5.9 hrs,07:05,,IV40
"Sgòrr Dhonuill, Beinn a' Bheithir",4.39,1002.10,Central Highlands,Northwest Argyll and Appin,Appin and Beinn a' Bheithir,56.650547,-5.197906,137.6,4.37,Parking at Ballachulish visitor centre (NN083581),Ballachulish village,No,4.3-5.9 hrs,06:21,,PH49
Beinn an Dòthaidh,3.30,1002.30,Southern Highlands incl Jura and Arran,Rannoch Moor to Loch Tay,Above Bridge of Orchy,56.530141,-4.713972,95.7,3.2,Bridge of Orchy station car park (NN297395),None nearby,No,4.3-5.9 hrs,08:41,,PA36
"Sgùrr Mòr, Glen Kingie",3.65,1003.00,Western Highlands and Inner Hebrides,Knoydart and the Rough Bounds,Rough Bounds and south of Loch Cuaich,57.028462,-5.354205,175.7,3.96,The minor road up Loch Arkaig is something of a roller-coaster journey; continue to the end of the public road where there is a new car park.,None nearby,No,4.4-5.9 hrs,07:10,,PH37
Sgùrr an Lochain,3.93,1004.00,Western Highlands and Inner Hebrides,Loch Hourn to Glen Shiel,South Glen Shiel Ridge,57.14132,-5.297485,183.0,4.69,Now all you need to do is get back to your start point several km back up the busy road - there is a layby just to the right.,None nearby,No,4.4-5.9 hrs,05:43,,PH35
"Beinn Fhionnlaidh, Mullardoch",3.49,1004.80,Western Highlands and Inner Hebrides,Glen Strathfarrar to Glen Affric,South of Glen Cannich,57.305997,-5.129916,201.6,5.06,There's a car park around 200m east of Chisholm Bridge near the head of Loch Beinn a'Mheadhoin.,None nearby,No,4.4-5.9 hrs,04:58,,IV4
Maoile Lunndaidh,3.15,1004.90,Western Highlands and Inner Hebrides,Glen Carron to Glen Strathfarrar,Attadale and Monar,57.464498,-5.111006,197.2,4.95,"Park at Achnashellach Forest car park, which is signed on the north side of the road at Craig.",None nearby,No,4.4-5.9 hrs,05:11,,IV4
"Càrn Liath, Aberarder",2.77,1006.10,Central Highlands,Monadh Liath to Glen Roy,Creag Meagaidh and neighbours,56.978795,-4.515288,119.2,2.71,"There is a good-sized car park at Aberarder on the north side of the A86, opposite Loch Laggan."", ""The footpath crosses a track before reaching the whitewashed former farm which is now part of the National Nature Reserve",run by NatureScot; there are sheltered picnic tables here and a toilet.,No,4.4-5.9 hrs,09:40,,PH19
An Sgarsoch,2.87,1006.50,Eastern Highlands,Glen Ey to Glen Lochsie,Geldie,56.932123,-3.754292,107.6,4.93,Park at the Linn of Dee car park; there is a charge payable to the National Trust for Scotland.,None nearby,No,4.4-5.9 hrs,05:14,,PH18
Devil's Point (Bod an Deamhain),3.88,1006.90,Eastern Highlands,Cairngorms and North East Grampians,West of the Lairig Ghru,57.035722,-3.688804,134.6,4.9,"Sugar Bowl car park, Cairngorm (NH985073)",Cairngorm base station,No,4.4-5.9 hrs,05:17,,PH22
"Beinn Dearg, Atholl",2.98,1008.70,Eastern Highlands,Gaick and Atholl,Glen Bruar to Glen Tilt,56.877361,-3.883714,89.7,4.32,There is a car park just north of the house on the east side of the A835 just south of Inverlael Bridge.,None nearby,No,4.4-5.9 hrs,06:27,,PH18
"Ruadh-stac Mòr, Beinn Eighe",4.50,1010.00,Northern Highlands and Outer Hebrides,Applecross," Coulin and Torridon, Beinn Eighe",57.593757,-5.429458,209.8,4.53,"Turn left on the track to the parking area at Coire an Laoigh, which is an alternative start / parking point (leaving the short road walk until the end).",None nearby,No,4.4-5.9 hrs,06:02,,IV22
Sgùrr Èilde Mòr,3.78,1010.00,Central Highlands,Loch Linnhie to Loch Ericht,Loch Leven and Mamores,56.75003,-4.895442,127.4,3.01,It soon passes further parking space where it crosses the line of a now-vanished tramway connected with the Fort William aluminium works. (NN252793),None nearby,No,4.4-5.9 hrs,09:04,,PH50
Sgùrr an Doire Leathain,3.71,1010.00,Western Highlands and Inner Hebrides,Loch Hourn to Glen Shiel,South Glen Shiel Ridge,57.136902,-5.281535,184.1,4.86,Now all you need to do is get back to your start point several km back up the busy road - there is a layby just to the right.,None nearby,No,4.4-5.9 hrs,05:22,,PH35
Beinn Udlamain,2.96,1010.20,Central Highlands,Glen Garry to Loch Rannoch,West of Drumochter,56.835458,-4.329979,101.3,2.75,The walk starts from layby 79 on the west side of the A9 near Drumochter Summit (it is also possible to park at the larger layby 80 a little further north and use the cycle path).,None nearby,No,4.4-5.9 hrs,09:35,,PH19
The Saddle,4.46,1011.50,Western Highlands and Inner Hebrides,Loch Hourn to Glen Shiel,Glen Shiel Forest,57.162415,-5.414732,182.9,3.95,Park at the layby on the north side of the A87(T) about three hundred metres east of where a track goes off the road to Achnagart Farm.,None nearby,No,4.4-5.9 hrs,07:11,,IV40
Cairn Bannoch,2.58,1012.00,Eastern Highlands,Glenshee to Cairn o'Mount,Glen Callater to Glenmuick,56.927743,-3.27841,110.6,4.03,Note that on busy weekends the car park can become full and at such times the road up Glen Muick is closed - so arrive early or plan an alternative.,Begin by walking past the visitor centre.,No,4.4-6.0 hrs,06:56,,AB35
Beinn Ime,3.36,1012.20,Southern Highlands incl Jura and Arran,Argyll and Kintyre,Arrochar Alps,56.236801,-4.817144,93.0,2.97,Start from the car park (charge) at Succoth on the north side of Loch Long near Arrochar.,None nearby,No,4.4-6.0 hrs,09:03,,PA26
Garbh Chìoch Mhòr,3.77,1012.90,Western Highlands and Inner Hebrides,Knoydart and the Rough Bounds,Rough Bounds and south of Loch Cuaich,57.008573,-5.444336,158.4,3.42,There is a new car park here.,None nearby,No,4.4-6.0 hrs,08:09,,PH37
Mullach Coire Mhic Fhearchair,3.84,1015.20,Northern Highlands and Outer Hebrides,The Fannichs to Loch Maree,Fisherfield,57.709043,-5.27135,208.9,4.5,An alternative is to wild-camp; there is a great spot in the alder woods at NH088788; this is best reached by following the track used as the way back on the Shenavall circuit.,None nearby,No,4.4-6.0 hrs,06:00,,IV22
Càrn an Tuirc,2.78,1018.80,Eastern Highlands,Glenshee to Cairn o'Mount,Glen Callater to Glenmuick,56.908289,-3.357131,86.7,2.22,"Park at the layby on the east side of the A93, about two kilometres north of the Glenshee Ski Centre.",None nearby,No,4.4-6.0 hrs,10:33,,AB35
Beinn Bheoil,3.15,1019.00,Central Highlands,Loch Linnhie to Loch Ericht,Alder Forest,56.81329,-4.430662,112.5,3.39,Dalwhinnie station parking (NN634849),Dalwhinnie village,No,4.4-6.0 hrs,08:13,,PH30
Mullach Clach a' Bhlàir,2.74,1019.00,Eastern Highlands,Cairngorms and North East Grampians,East of Glen Feshie,57.011891,-3.841284,131.8,4.19,"Take the road up the east side of Glen Feshie (signed Achlean); just after the road leaves the forest there is a car park on the left, about a kilometre short of Achlean itself, where parking is not p",None nearby,No,4.4-6.0 hrs,06:37,,PH21
Aonach air Chrith,3.87,1019.50,Western Highlands and Inner Hebrides,Loch Hourn to Glen Shiel,South Glen Shiel Ridge,57.124658,-5.2213,177.4,3.97,Now all you need to do is get back to your start point several km back up the busy road - there is a layby just to the right.,None nearby,No,4.4-6.0 hrs,07:03,,PH35
Ladhar Bheinn (Larven),4.43,1020.00,Western Highlands and Inner Hebrides,Knoydart and the Rough Bounds,Knoydart,57.075287,-5.591757,206.3,4.53,Inverie (ferry from Mallaig) or Kinloch Hourn road end (NG950067),Inverie village,No,4.4-6.0 hrs,05:56,,IV43
"Stob Dearg, Buachaille Etive Mor",4.55,1021.40,Central Highlands,Northwest Argyll and Appin,South of Glen Coe,56.646246,-4.90035,109.5,2.53,Park in the large but often busy layby at Altnafeadh - this is a very popular ascent at weekends.,None nearby,No,4.5-6.0 hrs,09:56,,PH50
"Mullach an Rathain, Liathach",4.54,1023.90,Northern Highlands and Outer Hebrides,Applecross," Coulin and Torridon, 57.560898",57.560898,-5.4925,215.4,4.69,There is space for several cars to park at the start of the path a couple of hundred metres east of Glen Cottage; there are more spaces slightly nearer the cottage.,None nearby,No,4.5-6.0 hrs,05:37,,IV54
"Sgòrr Dhearg, Beinn a' Bheithir",4.42,1024.20,Central Highlands,Northwest Argyll and Appin,Appin and Beinn a' Bheithir,56.653937,-5.171526,137.9,4.49,Parking at Ballachulish visitor centre (NN083581),Ballachulish village,No,4.5-6.0 hrs,06:01,,PH49
Beinn Challuim (Ben Challum),3.13,1024.90,Southern Highlands incl Jura and Arran,Rannoch Moor to Loch Tay,Glen Lochay,56.454586,-4.619193,89.2,2.86,"Road end parking, Glen Lochay (NN462367)",Killin village,No,4.5-6.0 hrs,09:16,,FK20
Sgùrr a' Mhaoraich,4.05,1026.60,Western Highlands and Inner Hebrides,Loch Hourn to Glen Shiel,North of Loch Cuaich,57.105864,-5.330526,179.8,4.17,Parking at A87 layby near Loch Cluanie,None nearby,No,4.5-6.1 hrs,06:33,,PH40
Sgùrr na Ciste Duibhe,4.05,1027.00,Western Highlands and Inner Hebrides,Glen Affric to Glen Shiel,Five Sisters of Kintail,57.180946,-5.337136,181.3,3.92,"The starting point of the walk is the Glen Shiel car park (not layby) on the A87 east of a gap in the forestry, there is an information board about the Glen Shiel battle and a wooden Hill Path sign.",None nearby,No,4.5-6.1 hrs,07:03,,IV40
Càrn an Righ,2.82,1029.00,Eastern Highlands,Glen Ey to Glen Lochsie,Glen Ey,56.876598,-3.595274,87.8,3.89,The first two kilometres of the walk is along the drive to the hotel itself; alternatively the walk can be shortened by paying to park at the hotel itself by calling at reception.,None nearby,No,4.5-6.1 hrs,07:07,,PH18
Ben Oss,3.43,1029.80,Southern Highlands incl Jura and Arran,Loch Tay to the Trossachs,Cononish,56.389285,-4.77551,97.0,3.37,"There is a large car park off the A82 road, reached by taking the turning for Dalrigh; keep left and the car park is on the left.",None nearby,No,4.5-6.1 hrs,08:09,,FK20
Am Bodach,3.92,1031.80,Central Highlands,Loch Linnhie to Loch Ericht,Loch Leven and Mamores,56.741744,-4.983407,127.4,3.02,Park at the car park at the very end of the road up Glen Nevis.,None nearby,No,4.5-6.1 hrs,08:51,,PH50
Beinn Fhada (Ben Attow),3.95,1031.90,Western Highlands and Inner Hebrides,Glen Strathfarrar to Glen Affric,Strath Croe,57.221024,-5.283506,192.3,5.28,"Morvich car park, Glen Shiel (NG960210)",None nearby,No,4.5-6.1 hrs,04:20,,IV53
"Càrn Dearg, Alder",3.22,1034.10,Central Highlands,Loch Linnhie to Loch Ericht,Alder Forest,56.855255,-4.454709,122.6,4.7,Park at the end of the minor road leading from Newtonmore into Glen Banchor.,None nearby,No,4.5-6.1 hrs,05:30,,PH30
Gleouraich,4.18,1035.10,Western Highlands and Inner Hebrides,Loch Hourn to Glen Shiel,North of Loch Cuaich,57.097179,-5.238038,173.8,4.11,"It then heads downhill southeast towards the Allt Coire Peitireach and returns to the road after a short, boggy section through dense rhododendrons, to emerge opposite the parking area.",None nearby,No,4.5-6.1 hrs,06:40,,PH35
Sgùrr a' Bhealaich Dheirg,4.00,1036.00,Western Highlands and Inner Hebrides,Glen Affric to Glen Shiel,Kintail's Brothers,57.177848,-5.252181,178.0,3.98,"The starting point of the walk is the Glen Shiel car park (not layby) on the A87 east of a gap in the forestry, there is an information board about the Glen Shiel battle and a wooden Hill Path sign.",None nearby,No,4.5-6.1 hrs,06:56,,PH35
Beinn Achaladair,3.75,1038.60,Southern Highlands incl Jura and Arran,Rannoch Moor to Loch Tay,Above Bridge of Orchy,56.551901,-4.694538,98.7,2.3,Turn off the A82 along the track towards Achaladair Farm where there is a walkers car park just 150m from the main road.,None nearby,No,4.5-6.1 hrs,10:18,,PA36
Càrn a' Mhaim,3.86,1039.10,Eastern Highlands,Cairngorms and North East Grampians,Lairig Ghru to Lairig an Laoigh,57.036883,-3.658385,105.0,3.37,Park at the large National Trust car park at the Linn of Dee; there is a charge.,None nearby,No,4.5-6.2 hrs,08:03,,PH22
Meall Ghaordaidh,3.01,1039.80,Southern Highlands incl Jura and Arran,Rannoch Moor to Loch Tay,Glen Lochay,56.525821,-4.416668,100.5,2.78,"Road end parking, Glen Lochay (NN462367)",Killin village,No,4.6-6.2 hrs,09:14,,FK21
Sgùrr na Cìche,4.47,1040.20,Western Highlands and Inner Hebrides,Knoydart and the Rough Bounds,Rough Bounds and south of Loch Cuaich,57.013485,-5.456919,176.8,3.85,There is a new car park here.,None nearby,No,4.6-6.2 hrs,07:05,,PH37
Càrn Mairg,3.14,1043.00,Southern Highlands incl Jura and Arran,Rannoch Moor to Loch Tay,Glen Lyon east,56.634645,-4.145612,89.1,2.24,"The car park in Invervar has been reopened for certain times of year; when it is full or when locked use the nearest alternative parking, just over 1km west of the village at a layby on the south side",None nearby,No,4.6-6.2 hrs,10:19,,PH15
Meall nan Tarmachan,4.07,1043.60,Southern Highlands incl Jura and Arran,Rannoch Moor to Loch Tay,Lawers and Tarmachan,56.521666,-4.301359,82.2,2.11,Ben Lawers Car Park,None nearby,YES,4.6-6.2 hrs,10:34,"My first munro! I saw snow at the peak of the mountain. Met a guy with his Chihuahua, very cute! Hope I can have a dog that can accompany me lol. No toilets nearby, but there's a nearby town called killin, where there're public toilets and coffee shops. I also realized sun protection is very important!",FK21
Stob Coir' an Albannaich,3.70,1044.90,Central Highlands,Northwest Argyll and Appin,East of Loch Etive,56.554922,-4.979828,117.6,2.72,The walk starts along the track leading down to Coiletir from the Glen Etive road; there is a good sized parking layby off the opposite side of the road. (NN138457),None nearby,No,4.6-6.2 hrs,09:21,,PA36
Beinn Iutharn Mhòr,2.96,1045.00,Eastern Highlands,Glen Ey to Glen Lochsie,Glen Ey,56.895009,-3.568231,104.2,3.37,There is a small car park in Inverey.,None nearby,No,4.6-6.2 hrs,08:03,,PH18
Cruach Ardrain,3.60,1045.90,Southern Highlands incl Jura and Arran,Loch Tay to the Trossachs,Glen Dochart to Loch Voil,56.356444,-4.57616,84.8,2.24,"Park in the car park at the end of the public road beyond Loch Voil, where the varied scenery of the Trossachs begins to give way to a more mountainous, Highland landscape.",None nearby,No,4.6-6.2 hrs,10:19,,FK20
"Glas Leathad Mòr, Ben Wyvis",3.39,1046.00,Northern Highlands and Outer Hebrides,Loch Broom to Easter Ross,Easter Ross,57.678928,-4.579254,185.3,4.2,The car park is small and fills quickly; there's room for a few further cars in a layby 400m north along the road (which is a clearway for 2km here so parking along the verge is not allowed) - avoid o,None nearby,No,4.6-6.2 hrs,06:23,,IV14
Chnò Dearg,2.71,1046.00,Central Highlands,Loch Linnhie to Loch Ericht,East of Loch Treig,56.830099,-4.660842,131.7,4.96,"Park at the end of the public road which leads to Fersit, where there is a very large turning area; park carefully to avoid obstructing any turning vehicles.",None nearby,No,4.6-6.2 hrs,04:52,,PH30
"Creag Mhòr, Glen Lochay",2.94,1046.80,Southern Highlands incl Jura and Arran,Rannoch Moor to Loch Tay,Glen Lochay,56.48953,-4.614048,98.8,3.89,"The car park in Invervar has been reopened for certain times of year; when it is full or when locked use the nearest alternative parking, just over 1km west of the village at a layby on the south side",None nearby,No,4.6-6.2 hrs,07:01,,FK20
Càrn an t-Sagairt Mòr,2.62,1047.00,Eastern Highlands,Glenshee to Cairn o'Mount,Glen Callater to Glenmuick,56.942985,-3.303227,110.6,4.03,"Note that on busy weekends the car park can become full and at such times the road up Glen Muick is closed - so arrive early or plan an alternative., ""Continue along the track to the Spittal of Glen Muick",where there is a small wooden visitor centre and public toilets.,No,4.6-6.2 hrs,06:44,,AB35
"Beinn a' Chaorainn, Glen Spean",2.90,1049.10,Central Highlands,Monadh Liath to Glen Roy,Creag Meagaidh and neighbours,56.928636,-4.653656,128.4,3.18,"The walk begins where a forestry track leaves the A86 just east of the bridge over the Allt a'Chaorainn; there is space for a few cars to park carefully, and a layby a short distance east along the ro",None nearby,No,4.6-6.2 hrs,08:26,,PH31
Sgùrr Fhuar-thuill,3.35,1049.20,Western Highlands and Inner Hebrides,Glen Carron to Glen Strathfarrar,North of Glen Strathfarrar,57.449698,-4.941792,194.3,4.98,There are no access restrictions for walkers or cyclists and there is a car park near Milton Cottage.,None nearby,No,4.6-6.2 hrs,04:50,,IV4
"Geal Chàrn, Ardverikie",2.75,1049.70,Central Highlands,Glen Garry to Loch Rannoch,Laggan and Ardverikie,56.897775,-4.457236,120.6,4.19,"Start from the parking area on the left just before Garva Bridge, some distance up the minor road past the Spey dam.",None nearby,No,4.6-6.2 hrs,06:25,,PH19
Glas Tulaichean,3.00,1051.00,Eastern Highlands,Glen Ey to Glen Lochsie,Glen Ey,56.865773,-3.558165,86.1,3.35,The first two kilometres of the walk is along the drive to the hotel itself; alternatively the walk can be shortened by paying to park at the hotel itself by calling at reception.,None nearby,No,4.6-6.2 hrs,08:05,,PH18
Stob Poite Coire Ardair,2.97,1052.50,Central Highlands,Monadh Liath to Glen Roy,Creag Meagaidh and neighbours,56.964057,-4.585777,119.2,2.71,"There is a good-sized car park at Aberarder on the north side of the A86, opposite Loch Laggan."", ""The footpath crosses a track before reaching the whitewashed former farm which is now part of the National Nature Reserve",run by NatureScot; there are sheltered picnic tables here and a toilet.,No,4.6-6.2 hrs,09:22,,PH31
"Sgùrr a' Chaorachain, Monar",3.46,1053.00,Western Highlands and Inner Hebrides,Glen Carron to Glen Strathfarrar,Attadale and Monar,57.452518,-5.189308,207.6,4.93,"Park at Achnashellach Forest car park, which is signed on the north side of the road at Craig.",None nearby,No,4.6-6.3 hrs,04:50,,IV4
Toll Creagach,2.91,1053.70,Western Highlands and Inner Hebrides,Glen Strathfarrar to Glen Affric,South of Glen Cannich,57.309248,-4.999963,196.6,4.35,"From the car park a constructed path heads into the woods, soon joining the hydro track up the east side of the Abhainn Gleann nam Fiadh; turn right up this.",None nearby,No,4.6-6.3 hrs,06:00,,IV4
Na Gruagaichean,3.87,1054.30,Central Highlands,Loch Linnhie to Loch Ericht,Loch Leven and Mamores,56.743704,-4.939889,127.4,3.01,The walk begins from the car park adjacent to St Paul's Church in Kinlochleven; it is signed ' Grey Mare's Tail ' from the main road.,None nearby,No,4.6-6.3 hrs,08:40,,PH50
"Spidean a' Choire Lèith, Liathach",4.60,1054.80,Northern Highlands and Outer Hebrides,Applecross," Coulin and Torridon, Liathach",57.564212,-5.463611,212.9,4.59,There is space for several cars to park at the start of the path a couple of hundred metres east of Glen Cottage; there are more spaces slightly nearer the cottage.,None nearby,No,4.6-6.3 hrs,05:31,,IV54
"Sgùrr Fiòna, An Teallach",4.57,1058.70,Northern Highlands and Outer Hebrides,The Fannichs to Loch Maree,An Teallach,57.800744,-5.259451,211.5,4.62,"This is parking here, but if you have left your car at the start of the walk in Dundonnell you have another three kilometres or more of road walking to do - turn left along the road.",None nearby,No,4.7-6.3 hrs,05:27,,IV23
"Bidein a' Ghlas Thuill, An Teallach",4.04,1062.60,Northern Highlands and Outer Hebrides,The Fannichs to Loch Maree,An Teallach,57.807117,-5.251776,211.5,4.62,"This is parking here, but if you have left your car at the start of the walk in Dundonnell you have another three kilometres or more of road walking to do - turn left along the road.",None nearby,No,4.7-6.3 hrs,05:27,,IV26
Cairn of Claise,2.40,1063.10,Eastern Highlands,Glenshee to Cairn o'Mount,Glen Shee,56.894185,-3.338644,87.2,2.3,"Park at the layby on the east side of the A93, about two kilometres north of the Glenshee Ski Centre.",None nearby,No,4.7-6.3 hrs,10:06,,AB35
Meall Corranaich,3.03,1067.20,Southern Highlands incl Jura and Arran,Rannoch Moor to Loch Tay,Lawers and Tarmachan,56.540958,-4.253471,83.1,2.15,"There is a small parking layby just north of the summit of the Lairig an Lochain road that links Loch Tay with Glen Lyon, marked by a large cairn.",None nearby,No,4.7-6.4 hrs,10:18,,FK21
Glas Maol,2.81,1067.70,Eastern Highlands,Glenshee to Cairn o'Mount,Glen Shee,56.873075,-3.368242,84.9,2.35,"Park at the layby on the east side of the A93, about two kilometres north of the Glenshee Ski Centre.",None nearby,No,4.7-6.4 hrs,09:53,,AB35
Sgùrr Fhuaran,4.23,1068.80,Western Highlands and Inner Hebrides,Glen Affric to Glen Shiel,Five Sisters of Kintail,57.196173,-5.347652,183.5,4.09,"The starting point of the walk is the Glen Shiel car park (not layby) on the A87 east of a gap in the forestry, there is an information board about the Glen Shiel battle and a wooden Hill Path sign.",None nearby,No,4.7-6.4 hrs,06:25,,IV40
"An Socach, Glen Cannich",3.61,1069.00,Western Highlands and Inner Hebrides,Glen Strathfarrar to Glen Affric,North of Glen Cannich,57.350249,-5.15861,207.5,6.9,There is a small car park on the right just before reaching the dam.,None nearby,No,4.7-6.4 hrs,00:47,,IV53
"Bràigh Coire Chruinn-bhalagain, Beinn a' Ghlo",3.56,1070.00,Eastern Highlands,Gaick and Atholl,Glen Tilt to Glen Brerachan,56.831099,-3.729503,84.7,3.19,Blair Atholl car park or Old Bridge of Tilt (NN875662),Blair Atholl village,No,4.7-6.4 hrs,08:13,,PH18
Stob Coire Sgreamhach,4.13,1072.00,Central Highlands,Northwest Argyll and Appin,South of Glen Coe,56.63833,-5.010303,116.2,2.81,Begin by following the path down from the car park to the old track in the bottom of the glen; turn right along this track briefly and then left on the path heading down to the footbridge over the Riv,None nearby,No,4.7-6.4 hrs,08:58,,PH49
Beinn Dòrain,3.86,1076.00,Southern Highlands incl Jura and Arran,Rannoch Moor to Loch Tay,Above Bridge of Orchy,56.502881,-4.722165,93.8,2.65,Bridge of Orchy station car park (NN297395),None nearby,No,4.7-6.4 hrs,09:18,,PA36
Beinn Sheasgarnich,3.71,1077.40,Southern Highlands incl Jura and Arran,Rannoch Moor to Loch Tay,Glen Lochay,56.510283,-4.579229,91.5,3.13,"Road end parking, Glen Lochay (NN462367)",Killin village,No,4.8-6.4 hrs,08:20,,PA36
Ben Starav,4.31,1079.50,Central Highlands,Northwest Argyll and Appin,East of Loch Etive,56.538941,-5.049766,120.5,2.79,The walk starts along the track leading down to Coiletir from the Glen Etive road; there is a good sized parking layby off the opposite side of the road.,None nearby,No,4.8-6.4 hrs,09:01,,PH49
Beinn a' Chreachain,3.48,1080.60,Southern Highlands incl Jura and Arran,Rannoch Moor to Loch Tay,Above Bridge of Orchy,56.560396,-4.647631,100.5,4.15,Turn off the A82 along the track towards Achaladair Farm where there is a walkers car park just 150m from the main road.,None nearby,No,4.8-6.5 hrs,06:11,,PA36
"Beinn a' Chaorainn, Glen Derry",2.90,1083.30,Eastern Highlands,Cairngorms and North East Grampians,East of Lairig an Laoigh,57.093282,-3.577437,140.5,6.36,"The walk begins where a forestry track leaves the A86 just east of the bridge over the Allt a'Chaorainn; there is space for a few cars to park carefully, and a layby a short distance east along the ro",None nearby,No,4.8-6.5 hrs,01:46,,PH22
Schiehallion,3.61,1083.30,Southern Highlands incl Jura and Arran,Rannoch Moor to Loch Tay,Above Loch Rannoch and Loch Tummel,56.666942,-4.100234,92.5,2.3,"The original path up Schiehallion ran from the car park directly up the flank of the mountain; it became a quagmire as well as a scar on the face of the hill, until this side of the hill was bought in",None nearby,No,4.8-6.5 hrs,09:54,,PH15
Sgùrr a' Choire Ghlais,3.72,1083.70,Western Highlands and Inner Hebrides,Glen Carron to Glen Strathfarrar,North of Glen Strathfarrar,57.444307,-4.903769,192.6,4.71,There are no access restrictions for walkers or cyclists and there is a car park near Milton Cottage.,None nearby,No,4.8-6.5 hrs,05:04,,IV4
"Beinn Dearg, Inverlael",2.98,1084.00,Northern Highlands and Outer Hebrides,Loch Broom to Easter Ross,Inverlael and Strathvaich,57.78637,-4.929556,198.1,4.25,There is a car park just north of the house on the east side of the A835 just south of Inverlael Bridge.,None nearby,No,4.8-6.5 hrs,06:00,,IV23
Beinn a' Chlachair,3.31,1087.80,Central Highlands,Glen Garry to Loch Rannoch,Laggan and Ardverikie,56.869538,-4.509699,122.6,4.7,Park in a layby on the A86 just east of the track leading over the bridge over the River Laggan.,None nearby,No,4.8-6.5 hrs,05:05,,PH30
Stob Ghabhar,4.34,1089.20,Central Highlands,Northwest Argyll and Appin,Above the Black Mount,56.568121,-4.882121,99.3,2.42,There is a car park off to the left about 300m before Victoria Bridge on the minor road from Bridge of Orchy.,None nearby,No,4.8-6.5 hrs,09:39,,PA36
Bynack More,3.70,1090.40,Eastern Highlands,Cairngorms and North East Grampians,Lairig Ghru to Lairig an Laoigh,57.13823,-3.584719,140.5,6.36,"The walk begins from the Allt Mòr car park (charge) which is signed on the left side of the road to the Cairngorm ski area, around 1km beyond the turning for Glenmore Lodge (parking at the lodge has b",None nearby,No,4.8-6.5 hrs,01:46,,PH25
Sgùrr nan Clach Geala,4.21,1093.40,Northern Highlands and Outer Hebrides,The Fannichs to Loch Maree,The Fannichs,57.696299,-5.048249,203.4,4.51,From the parking area walk back along the road for 20 metres until you reach the track leading to Loch a Bhraoin; it is signed for long distance routes to Kinlochewe and Loch Fannich.,None nearby,No,4.8-6.5 hrs,05:28,,IV23
Sgùrr Chòinnich Mòr,3.78,1094.00,Central Highlands,Loch Linnhie to Loch Ericht,Grey Corries,56.800444,-4.903966,143.3,3.87,It soon passes further parking space where it crosses the line of a now-vanished tramway connected with the Fort William aluminium works. (NN252793),None nearby,No,4.8-6.6 hrs,06:39,,PH50
Sgùrr a' Mhàim,4.13,1099.00,Central Highlands,Loch Linnhie to Loch Ericht,Loch Leven and Mamores,56.755934,-5.003711,150.9,3.3,Park at the car park at the very end of the road up Glen Nevis.,None nearby,No,4.9-6.6 hrs,07:48,,PH50
Crèise,4.02,1099.80,Central Highlands,Northwest Argyll and Appin,Above the Black Mount,56.614465,-4.872009,110.4,2.55,Turn south from the A82 as it crosses Rannoch Moor onto the minor road to the Glencoe Mountain Ski Centre and follow it to the ski car park at White Corries.,None nearby,No,4.9-6.6 hrs,09:18,,PA36
Mullach Fraoch-choire,4.11,1100.90,Western Highlands and Inner Hebrides,Glen Affric to Glen Shiel,Ceannacroc and north of Loch Cluanie,57.205401,-5.155658,173.4,3.76,"Park in the layby on the north side of the A87, just over a kilometre east of the Cluanie Inn.",None nearby,No,4.9-6.6 hrs,06:52,,PH35
Beinn Èibhinn,3.71,1103.30,Central Highlands,Loch Linnhie to Loch Ericht,Alder Forest,56.825269,-4.542091,133.1,5.15,Dalwhinnie station parking (NN634849),Dalwhinnie village,No,4.9-6.6 hrs,04:06,,PH30
Beinn Ghlas,3.42,1103.40,Southern Highlands incl Jura and Arran,Rannoch Moor to Loch Tay,Lawers and Tarmachan,56.536008,-4.236994,82.9,2.14,There is trickier terrain (especially on An Stùc) however and this is a very long walk finishing a long way from the car park - transport would need to have been arranged in advance.,None nearby,No,4.9-6.6 hrs,10:07,,FK21
Stob a' Choire Mheadhoin,3.55,1105.00,Central Highlands,Loch Linnhie to Loch Ericht,Easains and Innses,56.823698,-4.760193,131.8,3.12,"Park at the end of the public road which leads to Fersit, where there is a very large turning area; park carefully to avoid obstructing any turning vehicles.",None nearby,No,4.9-6.6 hrs,08:09,,PH31
Meall a' Bhùiridh,3.15,1107.90,Central Highlands,Northwest Argyll and Appin,Above the Black Mount,56.612235,-4.852133,107.3,2.5,Turn south from the A82 as it crosses Rannoch Moor onto the minor road to the Glencoe Mountain Ski Centre and follow it to the ski car park at White Corries.,None nearby,No,4.9-6.7 hrs,09:18,,PA36
"Sgùrr Mòr, Fannichs",3.65,1108.90,Northern Highlands and Outer Hebrides,The Fannichs to Loch Maree,The Fannichs,57.700155,-5.016761,199.1,4.54,The minor road up Loch Arkaig is something of a roller-coaster journey; continue to the end of the public road where there is a new car park.,None nearby,No,4.9-6.7 hrs,05:13,,IV23
Sgùrr nan Conbhairean,3.90,1109.00,Western Highlands and Inner Hebrides,Glen Affric to Glen Shiel,Ceannacroc and north of Loch Cluanie,57.177645,-5.095414,173.5,5.79,There is a large rough parking area off the south side of the A87 at Lundie (there are no buildings).,None nearby,No,4.9-6.7 hrs,02:43,,PH35
Càrn a' Choire Bhoidheach,2.44,1109.90,Eastern Highlands,Glenshee to Cairn o'Mount,Glen Callater to Glenmuick,56.945788,-3.272699,110.6,4.03,Spittal of Glenmuick car park (NO310851),Spittal of Glenmuick visitor centre,No,4.9-6.7 hrs,06:14,,AB35
Tom a' Chòinnich,3.63,1112.70,Western Highlands and Inner Hebrides,Glen Strathfarrar to Glen Affric,South of Glen Cannich,57.299539,-5.048968,199.5,4.72,Glen Cannich road end parking (NH227315),None nearby,No,4.9-6.7 hrs,04:51,,IV4
Monadh Mòr,2.88,1113.40,Eastern Highlands,Cairngorms and North East Grampians,West of the Lairig Ghru,57.026803,-3.750085,134.6,4.9,"Take the road up the east side of Glen Feshie (signed Achlean); just after the road leaves the forest there is a good size car park on the left, about a kilometre short of Achlean itself, where parkin",None nearby,No,4.9-6.7 hrs,04:30,,PH21
Stob Coire Easain,3.78,1115.00,Central Highlands,Loch Linnhie to Loch Ericht,Easains and Innses,56.818212,-4.77372,131.8,3.12,"Park at the end of the public road which leads to Fersit, where there is a very large turning area; park carefully to avoid obstructing any turning vehicles.",None nearby,No,5.0-6.7 hrs,08:03,,PH31
"Aonach Beag, Alder",3.52,1115.80,Central Highlands,Loch Linnhie to Loch Ericht,Alder Forest,56.833511,-4.52919,125.9,5.25,"Park at the car park at the very end of the Glen Nevis road, which is narrow for the last couple of kilometeres.",None nearby,No,5.0-6.7 hrs,03:48,,PH30
Sgòr Gaoith,4.01,1116.00,Eastern Highlands,Cairngorms and North East Grampians,East of Glen Feshie,57.068572,-3.810854,134.6,3.81,Take the road up the east side of Glen Feshie (signed Achlean); just before the bridge over the Allt Ruadh turn left on a track; there is a parking area about fifty metres off the road.,None nearby,No,5.0-6.7 hrs,06:40,,PH21
Stob Coire an Laoigh,3.60,1116.70,Central Highlands,Loch Linnhie to Loch Ericht,Grey Corries,56.81089,-4.884898,143.3,3.87,It soon passes further parking space where it crosses the line of a now-vanished tramway connected with the Fort William aluminium works. (NN252793),None nearby,No,5.0-6.7 hrs,06:33,,PH31
An Stùc,4.06,1117.10,Southern Highlands incl Jura and Arran,Rannoch Moor to Loch Tay,Lawers and Tarmachan,56.560104,-4.216267,93.5,2.52,Park in the walkers' car park just east of the Ben Lawers hotel; there is a charge.,None nearby,No,5.0-6.7 hrs,09:15,,FK21
A' Chràileag (A' Chràlaig),3.68,1120.00,Western Highlands and Inner Hebrides,Glen Affric to Glen Shiel,Ceannacroc and north of Loch Cluanie,57.184209,-5.154843,173.4,3.76,"Cluanie Inn layby, A87 (NH076118)",Cluanie Inn,No,5.0-6.7 hrs,06:46,,PH35
"Càrn nan Gabhar, Beinn a' Ghlo",3.89,1121.90,Eastern Highlands,Gaick and Atholl,Glen Tilt to Glen Brerachan,56.839852,-3.688054,85.7,3.23,"Park in the car park (charge) near the end of the public road signed for Monzie; it is just before the cattle grid (near Loch Moraig, though this is out of sight).",None nearby,No,5.0-6.8 hrs,07:44,,PH18
"Meall Garbh, Lawers",3.25,1123.10,Southern Highlands incl Jura and Arran,Rannoch Moor to Loch Tay,Lawers and Tarmachan,56.566133,-4.207716,93.5,2.52,"The car park in Invervar has been reopened for certain times of year; when it is full or when locked use the nearest alternative parking, just over 1km west of the village at a layby on the south side",None nearby,No,5.0-6.8 hrs,09:09,,FK21
Ben Cruachan,4.40,1127.00,Central Highlands,Northwest Argyll and Appin,Ben Cruachan and Glen Kinglass,56.426852,-5.131849,107.6,2.89,"If full, it is no longer possible to park at the Power Station Visitor Centre, but there is a proper layby about 700m further along the road towards Oban, on the right hand side."", ""If full, it is no longer possible to park at the Power Station Visitor Centre, but there is a proper layby about 700m further along the road towards Oban",on the right hand side.,No,5.0-6.8 hrs,08:25,,PA35
Creag Meagaidh,4.10,1128.10,Central Highlands,Monadh Liath to Glen Roy,Creag Meagaidh and neighbours,56.952034,-4.60213,128.4,3.18,"There is a good-sized car park at Aberarder on the north side of the A86, opposite Loch Laggan."", ""The footpath crosses a track before reaching the whitewashed former farm which is now part of the National Nature Reserve",run by NatureScot; there are sheltered picnic tables here and a toilet.,No,5.0-6.8 hrs,07:50,,PH31
An Riabhachan,3.69,1129.00,Western Highlands and Inner Hebrides,Glen Strathfarrar to Glen Affric,North of Glen Cannich,57.362457,-5.104736,196.4,8.24,There is a small car park on the right just before reaching the dam.,None nearby,No,5.0-6.8 hrs,21:43,,IV4
Binnein Mòr,4.18,1130.00,Central Highlands,Loch Linnhie to Loch Ericht,Loch Leven and Mamores,56.75439,-4.925802,127.4,3.01,The walk begins from the car park adjacent to St Paul's Church in Kinlochleven; it is signed ' Grey Mare's Tail ' from the main road.,None nearby,No,5.0-6.8 hrs,08:10,,PH50
"Geal-chàrn, Alder",2.73,1131.40,Central Highlands,Loch Linnhie to Loch Ericht,Alder Forest,56.83785,-4.509709,125.9,5.25,Park in a layby on the A86 just east of the track leading over the bridge over the River Laggan.,None nearby,No,5.0-6.8 hrs,03:41,,PH30
Ben Lui (Beinn Laoigh),4.14,1131.40,Southern Highlands incl Jura and Arran,Loch Tay to the Trossachs,Cononish,56.397017,-4.81053,91.4,2.81,Parking at Dalrigh near Tyndrum (NN343291),Tyndrum village,No,5.0-6.8 hrs,08:34,,FK20
Ben Alder (Beinn Eallair),4.23,1148.00,Central Highlands,Loch Linnhie to Loch Ericht,Alder Forest,56.81381,-4.465105,112.5,3.39,Dalwhinnie station parking (NN634849),Dalwhinnie village,No,5.1-7.0 hrs,07:13,,PH30
Bidean nam Bian,4.58,1149.40,Central Highlands,Northwest Argyll and Appin,South of Glen Coe,56.642784,-5.029355,116.2,2.81,Begin by following the path down from the car park to the old track in the bottom of the glen; turn right along this track briefly and then left on the path heading down to the footbridge over the Riv,None nearby,No,5.1-7.0 hrs,08:22,,PH49
Sgùrr nan Ceathreamhnan,4.48,1149.70,Western Highlands and Inner Hebrides,Glen Strathfarrar to Glen Affric,North of Glen Affric,57.254932,-5.222736,206.6,6.54,Park at the new car park just east of the bridge over the River Finnan (charge) - note that this is extremely busy in summer especially before a steam train is due - you may need to arrive very early,None nearby,No,5.1-7.0 hrs,00:55,,IV53
Sgùrr na Lapaich,4.00,1151.90,Western Highlands and Inner Hebrides,Glen Strathfarrar to Glen Affric,North of Glen Cannich,57.36933,-5.059735,196.4,8.24,There is a small car park on the right just before reaching the dam.,None nearby,No,5.2-7.0 hrs,21:31,,IV4
"Cac Càrn Beag, Lochnagar",4.35,1155.70,Eastern Highlands,Glenshee to Cairn o'Mount,Glen Callater to Glenmuick,56.960286,-3.245253,110.6,4.02,"Note that on busy weekends the car park can become full and at such times the road up Glen Muick is closed - so arrive early or plan an alternative., ""Continue along the track to the Spittal of Glen Muick",where there is a small wooden visitor centre and public toilets.,No,5.2-7.0 hrs,05:57,,AB35
Derry Cairngorm,3.37,1155.80,Eastern Highlands,Cairngorms and North East Grampians,Lairig Ghru to Lairig an Laoigh,57.062813,-3.622006,105.0,3.37,Park at the large National Trust car park at the Linn of Dee; there is a charge.,None nearby,No,5.2-7.0 hrs,07:15,,PH22
Beinn Bhrotain,3.44,1157.00,Eastern Highlands,Cairngorms and North East Grampians,West of the Lairig Ghru,57.00988,-3.723796,134.5,4.88,"Take the road up the east side of Glen Feshie (signed Achlean); just after the road leaves the forest there is a good size car park on the left, about a kilometre short of Achlean itself, where parkin",None nearby,No,5.2-7.0 hrs,04:14,,PH21
Stob Binnein,4.01,1164.80,Southern Highlands incl Jura and Arran,Loch Tay to the Trossachs,Glen Dochart to Loch Voil,56.370731,-4.535763,85.6,2.37,It is just possible to park carefully just off the road along here; alternatively there is a large layby half a mile further east at the west end of Loch Iubhair.,None nearby,No,5.2-7.1 hrs,09:09,,FK20
"Leabaidh an Daimh Bhuidhe, Ben Avon",4.05,1172.00,Eastern Highlands,Cairngorms and North East Grampians,East of Lairig an Laoigh,57.099358,-3.434444,137.1,5.29,There is a car park (charge) for walkers at Keiloch on the Invercauld Estate a short distance off the A93 - there is a toilet here.,None nearby,No,5.3-7.1 hrs,03:19,,AB35
"Ben More, Crianlarich",3.79,1173.90,Southern Highlands incl Jura and Arran,Loch Tay to the Trossachs,Glen Dochart to Loch Voil,56.385966,-4.540097,80.7,2.19,"Opposite the track for Dhiseig there is a large parking area on grass, just east of a bridge, on the shore side of the A8035.",None nearby,No,5.3-7.1 hrs,09:31,,FK20
Stob Choire Claurigh,3.69,1178.30,Central Highlands,Loch Linnhie to Loch Ericht,Grey Corries,56.823799,-4.849632,142.4,3.79,It soon passes further parking space where it crosses the line of a now-vanished tramway connected with the Fort William aluminium works. (NN252793),None nearby,No,5.3-7.2 hrs,06:13,,PH31
Màm Sodhail,3.62,1179.40,Western Highlands and Inner Hebrides,Glen Strathfarrar to Glen Affric,South of Glen Cannich,57.279821,-5.120274,201.6,5.06,There's a car park around 200m east of Chisholm Bridge near the head of Loch Beinn a'Mheadhoin.,None nearby,No,5.3-7.2 hrs,03:40,,IV4
Càrn Eighe,3.25,1182.80,Western Highlands and Inner Hebrides,Glen Strathfarrar to Glen Affric,South of Glen Cannich,57.287722,-5.115166,201.6,5.06,Glen Cannich road end parking (NH227315),None nearby,No,5.3-7.2 hrs,03:40,,IV4
"Beinn Mheadhoin, Cairngorms",4.30,1182.90,Eastern Highlands,Cairngorms and North East Grampians,Lairig Ghru to Lairig an Laoigh,57.095859,-3.611466,135.4,3.02,"Much hard work remains to return to the car park, as the glacial trough of Loch Avon must be crossed once more.",None nearby,No,5.3-7.2 hrs,07:45,,PH22
Beinn a' Bhùird,3.71,1196.00,Eastern Highlands,Cairngorms and North East Grampians,East of Lairig an Laoigh,57.087601,-3.499371,139.0,5.88,Linn of Dee car park (NO063897),None nearby,No,5.4-7.3 hrs,01:56,,PH25
Ben Lawers,3.92,1214.30,Southern Highlands incl Jura and Arran,Rannoch Moor to Loch Tay,Lawers and Tarmachan,56.544933,-4.220862,83.1,2.15,There is trickier terrain (especially on An Stùc) however and this is a very long walk finishing a long way from the car park - transport would need to have been arranged in advance.,None nearby,No,5.5-7.4 hrs,09:18,,FK21
Càrn Mòr Dearg,4.24,1220.00,Central Highlands,Loch Linnhie to Loch Ericht,Lochaber,56.805259,-4.986637,151.7,3.32,"Park at the North Face car park (charge), reached along a track from Torlundy.",None nearby,No,5.5-7.5 hrs,06:51,,PH33
Aonach Mòr,3.37,1220.40,Central Highlands,Loch Linnhie to Loch Ericht,Lochaber,56.812954,-4.961717,145.2,3.53,"Park at the car park at the very end of the Glen Nevis road, which is narrow for the last couple of kilometeres.",None nearby,No,5.5-7.5 hrs,06:26,,PH33
"Aonach Beag, Lochaber",3.52,1234.00,Central Highlands,Loch Linnhie to Loch Ericht,Lochaber,56.800012,-4.954127,151.7,3.32,"Park at the car park at the very end of the Glen Nevis road, which is narrow for the last couple of kilometeres.",None nearby,No,5.6-7.6 hrs,06:45,,PH50
Cairn Gorm (Cairngorm),3.06,1244.80,Eastern Highlands,Cairngorms and North East Grampians,Lairig Ghru to Lairig an Laoigh,57.116724,-3.644478,135.4,3.02,"When it meets the track by the funicular, turn right on a path to bypass the construction work and then descend the steps above the centre of the car park.",None nearby,No,5.7-7.7 hrs,07:15,,PH22
Sgòr an Lochain Uaine (The Angel's Peak),4.06,1258.00,Eastern Highlands,Cairngorms and North East Grampians,West of the Lairig Ghru,57.058379,-3.725896,134.3,3.76,"Sugar Bowl car park, Cairngorm (NH985073)",Cairngorm base station,No,5.7-7.8 hrs,05:40,,PH22
Cairn Toul,4.12,1291.00,Eastern Highlands,Cairngorms and North East Grampians,West of the Lairig Ghru,57.054417,-3.710774,134.3,3.76,The most convenient start point is the Sugar Bowl car park on the left at the foot of the zig-zags on the Cairngorm ski road (long alternatives which avoid the Chalamain Gap include Whitewell and Loch,None nearby,No,5.9-8.0 hrs,05:28,,PH22
Braeriach,4.28,1296.00,Eastern Highlands,Cairngorms and North East Grampians,West of the Lairig Ghru,57.078318,-3.728373,134.2,3.74,The most convenient start point is the Sugar Bowl car park on the left at the foot of the zig-zags on the Cairngorm ski road (long alternatives which avoid the Chalamain Gap include Whitewell and Loch,None nearby,No,5.9-8.0 hrs,05:31,,PH22
Ben Macdui,3.87,1309.30,Eastern Highlands,Cairngorms and North East Grampians,Lairig Ghru to Lairig an Laoigh,57.070379,-3.6691,134.2,3.75,"When it meets the track by the funicular, turn right on a path to bypass the construction work and then descend the steps above the centre of the car park.",None nearby,No,6.0-8.1 hrs,05:24,,PH22
Ben Nevis,3.97,1344.53,Central Highlands,Loch Linnhie to Loch Ericht,Lochaber,56.796904,-5.003696,151.7,3.32,"After passing above a small plantation the path from Glen Nevis Youth Hostel joins in from the right (this path leads directly from the Hostel to the main path and gives a shorter route; but there is, ""class=""""desc""""> Stage 1 If you are not an experienced hillwalker",None nearby,No,6.2-8.4 hrs,05:57,,PH33
